发布日期,物资需求机构,捐赠地址,公告标题,N95口罩,医用外科口罩,一次性医用口罩,防护服,一次性医用帽,护目镜,防冲击眼罩,防护面罩,医用一次性乳胶手套,一次性手术衣,84消毒液,医用酒精,联系人/联系方式,来源
2020-01-26,大冶市新型冠状病毒感染的肺炎疫情防控工作指挥部,大冶市新型冠状病毒肺炎防控工作指挥部（原质监局办公楼一楼）,黄石市人民政府-关于接受社会爱心捐赠的公告,1,,,1,,,,,,,1,1,林龙:18986588029  曹丽珍:13907230930  周杰:19971212090  刘洪涛:18934676581  杨建雄:18671415020  邓卫国:13545490999,http://www.huangshi.gov.cn/xwdt/rdgz/202001/t20200126_597550.html
,乌鲁木齐市延安路773号（新疆维吾尔自治区红十字会）；,,发布接收社会捐赠公告,1,1,,1,1,1,,1,1,,,,,http://www.brj.gov.cn/zwgk/003001/003001011/20200128/5d926cf5-2e83-4413-90e4-c434256f6dac.html
,,,关于接受社会爱心捐赠的公告 - 海口市商务局,,,,,,,,,,,,,牛力人:18078961622  洪飞:13807650200  任传霞:13976963666  周中慧:13098943368,http://hksw.haikou.gov.cn/a/yaowendongtai/zhanhuihuodong/2020/0127/8468.html
,,,关于接受捐赠物资的公告（第二号）,,,,,,,,,,,,,,http://www.dqlf.gov.cn/zhengwuyaowen/tongzhigonggao/30675.html
2020-01-27,西湖区“冠状病毒肺炎”防控指挥部,杭州市西湖区紫荆花路48号南都研发大楼东楼618室、617室,众志成城！西湖区接受社会捐赠公告,1,,,1,1,1,,1,1,,,,,http://www.hzxh.gov.cn/art/2020/1/28/art_1177932_41859494.html
2020-01-25,市新型冠状病毒感染的肺炎防控工作指挥部办公室,,老河口市接受爱心捐赠公告 - 老河口市政府门户网站,1,1,,1,1,1,,1,,,,,张飞:15727271647,http://www.lhk.gov.cn/xwzx/zwyw/202001/t20200126_2017734.shtml
,户名：五华县慈善会。,五华县民政局五楼,五华县慈善会发布接受爱心捐赠公告-五华县人民政府,1,1,,1,,,,,,,,,张玉峰:13826636916  吴辉霞:13622942362,http://www.wuhua.gov.cn/xxgk/gsgg/content/post_1959856.html
2020-01-26,县慈善会,,县慈善会发布接受爱心捐赠公告 - 南漳县人民政府门户网站,1,,1,1,,1,1,1,,,,,王小锋:13995753318,http://nz.xiangyang.gov.cn/ztzl/fyfkz/202001/t20200126_2017552.shtml
2020-01-28,岳西县医院,,岳西县医院接受社会捐赠公告,,,,,,,,,,,,,吴科长:18956988351  金科长:13956537028  刘科长:13955622626,http://ahyx.gov.cn/html/news/sz/sz/2020/01/397862.html
2020-01-28,高邮市人民医院,高邮市府前街116号，高邮市人民医院,高邮市人民医院接受社会捐赠公告 - 政务要闻 - 高邮市人民政府,1,1,,1,,,,1,,,,,张老师:15895732400  陈老师:13905254113  汪老师:18952503997,http://gaoyou.yangzhou.gov.cn/gaoyou/zwyw/202001/264c66e3653d4ab591dae72b2a1b778c.shtml
2020-01-25,鄂州市梁子湖区卫生健康局,,梁子湖区政府网,1,,,1,,,,,,,1,1,胡碧峰:13971995039,http://www.liangzh.gov.cn/dzdt/gsgg/202001/t20200125_322673.html
,市商务局，牛力人，18078961622,,我市发布公告 接受社会爱心捐赠_中国海口政府门户网站,,,,,,,,,,,,,牛力人:18078961622  洪飞:13807650200  任传霞:13976963666  周中慧:13098943368,http://www.haikou.gov.cn/zfdt/hkyw/202001/t20200128_1487202.html
2020-01-28,受捐单位:长沙市第一医院,长沙市开福区营盘路311号,长沙市第一医院接受社会爱心捐赠公告,1,1,,1,,1,,,1,,,,张卫芝:15873100608  熊淑珊:13975848395,http://wsjkw.changsha.gov.cn/ztzl_1/fkxxgzbd/fkdt/202001/t20200129_6404440.html
,开户名：襄阳市慈善总会,襄阳市襄城区溪苑路12号,襄阳市慈善总会接受爱心捐赠公告,1,1,1,1,,1,1,1,,,,,张永忠:13886277277  李航:15172656688,http://www.xf.gov.cn/zxzx/xwzt/gzxxgzbd/zxtb/202001/t20200128_2018539.shtml
2020-01-26,枝江市红十字会,枝江市马家店街道团结路20号,枝江市红十字会接受爱心捐赠公告 - 今日枝江 - 枝江市人民政府,,,,,,,,,,,,,吕龙:13886658934,http://www.zgzhijiang.gov.cn/content-93-569150-1.html
2020-01-25,宜城市人民医院,湖北省襄阳市宜城市龙门路18号,宜城市人民医院接受爱心捐赠公告 - 宜城市人民政府门户网站,1,1,,1,,1,,,1,,,,田家荣:15271023878,http://www.ych.gov.cn/xwzx/zwyw/202001/t20200128_2018752.shtml
,请有相关资源者及时联系以上医院,湖北省宜昌市长阳土家族自治县龙舟坪镇龙舟大道72号,夷陵医院等宜昌多家医院发布接受社会捐赠公告 - 夷陵动态 - 宜昌市夷陵区人民政府,1,1,1,1,,1,1,1,1,1,1,,徐科长:15307201386  李金桥:13997661829  付亚男:13872505170  黄全祥:13617175388  王平:13997712859  申西华:13872631977  廖勇:13986828368  代金枝:13972001441  陈宙:13647175163  杨老师:13177079590  李老师:15090889209、13997662471  刘老师:13972518448,http://www.10.gov.cn/content-635-528094-1.html
2020-01-23,鄂州市新型冠状病毒感染的肺炎防控指挥部,,鄂州市接受捐赠通告,,,,,,,,,,,,,方微:13677119334  周玲:13971984114  局陈玉章:13908688335  ；邱德勋:15308682005,http://www.ezhou.gov.cn/gk/gsgg_1/202001/t20200124_322505.html
2020-01-26,岳池县人民医院,,岳池县人民政府,1,1,,1,,1,,,,,,,易老师:15982622302  李老师:18280980918  秦老师:18728615666,http://www.scyc.gov.cn/ycxrmzfw/c100157/2020-01/26/content_e8d0b426b4d54609a6d144d4b1048cba.shtml
2020-01-28,威海市民政局  威海市红十字会  威海市慈善总会,文化中路85号民政局6楼603室,火炬高技术产业开发区 时政要闻 【重要通告】关于防控新型冠状病毒感染的肺炎疫情接受社会捐赠的公告,1,1,,1,1,1,,1,,,1,,,http://www.whctp.gov.cn/art/2020/1/28/art_41728_2262018.html
2020-01-27,常德市武陵区红十字会,,常德市武陵区红十字会接受社会捐赠的公告_公示公告_公告_武陵区人民政府,1,1,1,1,,1,1,1,,,1,,伍佑荣:13607367759  胡红桃:13549633834,https://www.wuling.gov.cn/gg/gsgg/content_190927
2020-01-28,根河市红十字会,原市委大楼409捐赠接收联系人及电话王学坤0470-522899013604742517,政务公告-根河市人民政府网,1,1,,1,1,1,,1,,1,1,,,http://www.genhe.gov.cn/Item/42687.aspx
,,,华教基金会、中华医学会接受海外物资捐赠联合公告_部门政务_中国政府网,,,,,,,,,,,,,,http://www.gov.cn/xinwen/2020-01/28/content_5472684.htm
,户  名：丹阳市红十字会,丹阳市开发区凤凰路卫健委内211办公室,丹阳市人民政府,1,1,1,1,,1,1,1,1,,,1,,http://www.danyang.gov.cn/dyfront/002/20200128/002002_5d9f5fb3-c375-458c-91ff-5d5c4a01c857.htm
2020-01-28,兴安盟新型冠状病毒肺炎疫情防控指挥部,兴安盟党政大楼805室,兴安盟行政公署-兴安盟新型冠状病毒肺炎疫情防控指挥部接受社会捐赠的公告,,,,1,1,1,,1,1,,,,,http://www.aes.gov.cn/xam/index/_300518/3164041/index.html
2020-01-28,师宗县红十字会,师宗县漾月街道康育路10号（师宗县红十字会办公室）,师宗县人民政府门户网,1,1,1,1,,1,1,1,,,,,,http://www.ynsz.gov.cn/news/a/202001/0328995242.htm
2020-01-28,楚雄州红十字会,楚雄州红十字会（楚雄市茶花大道栗子园小区南）,楚雄州红十字会关于防控新型冠状病毒感染的肺炎疫情接受社会捐赠公告-楚雄彝族自治州人民政府,1,1,1,1,,1,1,1,,,1,,,http://www.cxz.gov.cn/info/1031/25304.htm
2020-01-28,东坡区红十字会,,东坡区红十字会接收社会捐赠的公告-东坡区委区政府网,1,1,,1,,1,,1,1,,,,柴老师:15884301581  沈老师:13679655156,http://www.dp.gov.cn/info/1011/57213.htm
2020-01-26,高青县红十字会,高青县城清河路5号机关综合办公楼7楼红十字会机关综合办公室,高青县人民政府 今日关注 高青县红十字会接受爱心捐赠公告,1,1,,1,,1,,,1,,,,,http://gaoqing.zibo.gov.cn/art/2020/1/26/art_4596_1878843.html
2020-01-28,开户行:建行宝鸡市分行营业部,宝鸡市行政中心6号楼F座301室,宝鸡市人民政府门户网站 热点关注 宝鸡市红十字会发布接收社会捐赠公告,1,1,,1,,1,,1,,,1,,,http://www.baoji.gov.cn/art/2020/1/28/art_98_479272.html
2020-01-28,富宁县红十字会,富宁县红十字会办公室（县政务服务大厅右侧附楼三楼）,富宁县红十字会关于防控新型冠状病毒感染的肺炎疫情接受社会捐赠公告-富宁县人民政府网站,1,1,1,1,,1,1,1,,,1,,系黄彩美:18908765914  王四辉:13887645699  李华蓉:13308767333  陆付芬:19995869267  肖薇:15187136157,http://www.ynfn.gov.cn/Item/49658.aspx
2020-01-27,大理州红十字会,鹤庆县红十字会（鹤庆县云鹤镇鹤阳西路30号）,大理州红十字会关于防控新型冠状病毒感染的肺炎疫情接受社会捐赠公告-漾濞彝族自治县人民政府,1,1,1,1,,1,1,1,,,1,,,http://www.yangbi.gov.cn/ybyz/c102199/202001/4ca4b2a9d56145099ee990e4856d346a.shtml
2020-01-27,衡阳市红十字会,衡阳市红十字会（华新开发区翠竹路8号）,衡阳市卫生健康委员会,1,1,,1,1,,,1,,1,1,,,http://wjw.hengyang.gov.cn/xxgk/gzdt/tzgg/202001/t20200128_3002270.html
2020-01-28,盘锦市红十字会,,兴隆台区人民政府 公示公告 盘锦市红十字会关于防控新型冠状病毒感染的肺炎疫情接受社会捐赠的公告,1,1,,1,,1,,1,,1,1,1,骆钢强:13297963117,http://www.xlt.gov.cn/art/2020/1/29/art_2018_519206.html
,2.阜阳市颍东区红十字会办公室捐赠专线电话：,,阜阳市颍东区红十字会接受社会捐赠公告-阜阳市颍东区人民政府,1,1,,1,,1,,1,,1,,,,http://www.yd.gov.cn/content/detail/5e2e5c517f8b9a764f8b4b84.html
2020-01-27,XXX红十字会：,瑞丽市红十字会(德宏州瑞丽市新建路2号政府大楼一楼113室),德宏州红十字会关于防控新型冠状病毒感染的肺炎疫情接受社会捐赠公告,1,1,1,1,,1,1,1,,,1,,,http://hszh.dh.gov.cn/Web/Detail.aspx?id=10662
,红十字会捐赠接收专线电话：,,铜陵市红十字会接收社会捐赠公告-通知公告-铜陵市人民政府,1,1,,1,1,1,,1,,,1,,,http://www.tl.gov.cn/zxzx/gsgg/140/202001/t20200126_932182.html
,,,马鞍山市红十字会接收社会捐赠公告_马鞍山市人民政府,,1,,1,1,1,,1,,,1,,张国强:18655527550  王琦:18955507987,http://www.mas.gov.cn/4697870/10058303.html
,户  名：固原市红十字会,,固原市红十字会接收社会捐赠公告_固原市政府,1,1,,1,,1,,1,,,,,,http://www.nxgy.gov.cn/xwzx/gsgg/202001/t20200127_1933907.html
,开户行：中国银行丽水市分行营业部,,丽水市红十字会抗击新型冠状病毒感染肺炎接收社会捐赠公告,1,,,1,1,1,,1,1,,,,,http://www.lishui.gov.cn/sjbmzl/shsz/gsgg/202001/t20200128_4361314.html
2020-01-28,清远市慈善总会,记录，请爱心人士划帐捐款后务必复印汇款回执，并在复印件上附写捐款人姓名、地址、邮编、联系人及电话后，传真到,清远市慈善总会关于接受防控新型冠状病毒感染的肺炎疫情社会捐赠的公告,,,,,,,,,,,,,苏雪琼:13727116156  潘桂莲:13500297263,http://www.gdqy.gov.cn/xxgk/zzjg/zfjg/qysmzj/tzgg/content/post_986838.html
,,,【万众一心  抗击疫情】石嘴山市红十字会接收社会捐赠公告,,,,,,,,,,,,,,http://www.huinong.gov.cn/index.php/cms/item-view-id-68010.shtml
2020-01-27,涡阳县红十字会,,涡阳县红十字会接收社会捐赠公告-涡阳县人民政府,1,1,,1,1,1,,1,,,1,,邓蓓蓓:18956768199  杨小宝:13856706408,http://www.gy.gov.cn/News/show/370500.html
2020-01-27,黄山区红十字会,,黄山区红十字会接收社会捐赠公告 — 黄山市黄山区人民政府,1,1,,1,1,1,,1,,,1,,,http://www.hsq.gov.cn/News/show/8778329.html
2020-01-27,三河市红十字会,,三河市人民政府,1,1,,1,,1,,1,,,1,,崔乐群:13613369595  邵虎明:18032632167,http://www.san-he.gov.cn/content/detail?id=14858
2020-01-27,银川市红十字会,,银川市西夏区人民政府,1,1,,1,,1,,1,,,,,化小零:13995183332  张乐:15719595902,http://www.ycxixia.gov.cn/zxdt/mrdt/202001/t20200127_1934104.html
,户   名：定西市红十字会,甘肃省定西市安定区民主路3号定西市红十字会,定西党政网 公示公告 定西市红十字会接收社会捐赠公告,1,1,,1,,1,,,,,,,小时）:18093288883,http://m.dingxi.gov.cn/art/2020/1/27/art_509_1257974.html
,开户名称：河北慈善联合基金会；,,河北日报：河北慈善组织接收捐赠方式公布,,,,,,,,,,,,,"；
联系:15373036804  捐款）:18633822379",http://minzheng.hebei.gov.cn/mzzx/mtgz/202001/t20200128_59668.html
2020-01-29,岳西县慈善协会,岳西县慈善协会(岳西县天堂镇高湾路108号),岳西县慈善协会关于接收社会捐赠的公告,,,,,,,,,,,,,王造林:13865136116  余小芹:15395567058,http://ahyx.gov.cn/html/news/sz/sz/2020/01/397937.html
,南漳县人民医院接收社会捐赠公告,湖北省襄阳市南漳县城关镇水镜大道351号南漳县人民医院设备科,南漳县人民医院接收社会捐赠公告 - 南漳县人民政府门户网站,,,,,,,,,,,,,老师联系:13797562996,http://nz.xiangyang.gov.cn/xwzx/nzyw/202001/t20200125_2017298.shtml
2020-01-26,大冶市新型冠状病毒感染的肺炎疫情防控工作指挥部,大冶市新型冠状病毒肺炎防控工作指挥部（原质监局办公楼一楼）,黄石市人民政府-关于接受社会爱心捐赠的公告,1,,,1,,,,,,,1,1,林龙:18986588029  曹丽珍:13907230930  周杰:19971212090  刘洪涛:18934676581  杨建雄:18671415020  邓卫国:13545490999,http://huangshi.gov.cn/xwdt/rdgz/202001/t20200126_597550.html
2020-01-28,岳西县红十字会,岳西县天堂镇建设东路64号卫健委二楼,岳西县红十字会接受社会爱心捐赠公告,1,1,,1,1,1,,1,,,1,,红霞联系:18956956968  桂蓉联系:13955696598,http://ahyx.gov.cn/html/news/sz/sz/2020/01/397762.html
,开户名：襄阳市慈善总会,襄阳市襄城区溪苑路12号,襄阳市慈善总会接受爱心捐赠公告,1,1,1,1,,1,1,1,,,,,张永忠:13886277277  李航:15172656688,http://xy.xiangyang.gov.cn/zxzx/xwzt/gzxxgzbd/zxtb/202001/t20200128_2018539.shtml
2020-01-24,甘州区慈善协会,张掖市甘州滨河新区民政局,甘肃甘州-甘州区民政局甘州区慈善协会关于接受社会捐赠的公告,,,,,,,,,,,,,,http://www.gsgz.gov.cn/jjgz/bmdt/202001/t20200124_375969.html
,如有其它捐赠物质也可与青神医院集团联系，感谢您的支持！,青神县青城镇文林街28号青神医院集团,青神医院集团接受社会捐赠公告-青神县人民政府门户网站,1,1,,1,,1,,1,,,,,祝老师:18628960808,http://www.scqs.gov.cn/info/1358/123655.htm
2020-01-27,南通市通州区红十字会,南通市通州区红十字会一楼办公室,通州区红十字会接收社会捐赠公告-南通市通州区人民政府,,,,,,,,,,,,,,http://www.nantong.gov.cn/tzqrmzf/qtgg/content/31174864-4492-4057-a5f4-efb551a2af59.html
2020-01-28,桃江县红十字会,,桃江县红十字会接收社会捐赠公告,1,1,1,1,,1,,1,,,1,,刘江晖:13549718234  张彬彬:15197746155,http://www.taojiang.gov.cn/24397/24407/content_1117443.html
,乌鲁木齐市延安路773号（新疆维吾尔自治区红十字会）；,,自治区财政厅、卫健委、红十字会 发布接收社会捐赠公告_吉木乃县人民政府门户网站,1,1,,1,1,1,,1,1,,,,,http://jmn.gov.cn/013/013003/20200128/29c22d88-db4b-401e-8d5c-ba4084c4ec81.html
2020-01-28,兰考县新型冠状病毒感染的肺炎防控指挥部,兰考县新时代购物公园西门向南80米海马集团爱心美德公益超市中转配送中心,兰考县接受社会爱心捐赠公告-兰考县人民政府,1,1,,1,,,,,,,1,,纪海青:13837886766  陈刚:13598792132,http://www.lankao.gov.cn/info/1021/18594.htm
2020-01-28,淮南市慈善协会,淮南市慈善协会（山南新区市财政局大楼1430室）,淮南市慈善协会关于接收社会捐赠的公告_淮南市民政局,,,,,,,,,,,,,张军:18955482103  张莉:13909641010,http://mzj.huainan.gov.cn/xwzx/gzdt/551509561.html
2020-01-27,南通市通州区红十字会,南通市通州区红十字会一楼办公室,通州区红十字会接收社会捐赠公告-南通市通州区人民政府,,,,,,,,,,,,,,http://tz.nantong.gov.cn/tzqrmzf/qtgg/content/31174864-4492-4057-a5f4-efb551a2af59.html
2020-01-26,2.华中科技大学同济医学院附属同济医院,中国湖北省武汉市解放大道1095号后勤处器材科。联系人：陶阳（+8615872435220）,欢迎访问中国社会组织公共服务平台,1,1,,1,,1,,,,,,,微信号:15210074829、13911028623、18610145100、13611229998  联系徐菁:13886026767  联系王玲:13995597170  炜烨科长:18986220711  系陈力玲:13871196586,http://www.chinanpo.gov.cn/1944/123553/index.html
2020-01-25,鄂州市红十字会,,鄂州市红十字会接受捐赠通告,,,,,,,,,,,,,周玲:13971984114  局陈玉章:13908688335  ；邱德勋:15308682005,http://www.ezhou.gov.cn/gk/gsgg_1/202001/t20200126_322726.html
,,,关于用于新型冠状病毒肺炎疫情防控和治疗的进口捐赠物资办理通关手续的公告_地方政务_中国政府网,,,,,,,,,,,,,,http://www.gov.cn/xinwen/2020-01/25/content_5472123.htm
,乌鲁木齐市延安路773号（新疆维吾尔自治区红十字会）；,,自治区财政厅、卫健委、红十字会 发布接收社会捐赠公告_哈巴河县人民政府,1,1,,1,1,1,,1,1,,,,,http://www.hbh.gov.cn/xwdt/002008/20200128/391af35a-7e97-4ce0-b1a7-2c98259bacf9.html
2020-01-27,霸州市红十字会,霸州市金康东道228号（霸州市卫健局325房间）,霸州市红十字会关于抗击新型肺炎疫情接收社会捐赠的公告_霸州动态_新闻中心_霸州市人民政府,1,1,,1,,1,,1,,,1,,韩更新:13785602168  王枫:13031488879,http://www.bazhou.gov.cn/xwzx/bzdt/content_14007
,名：宁夏回族自治区红十字会,宁夏银川市金凤区北京中路61号信通大厦22层,宁夏红十字会接收社会捐赠的公告_宁夏回族自治区林业和草原局,1,1,,1,,1,,1,,,,,,http://lcj.nx.gov.cn/xwzx/zxyw/202001/t20200126_1933574.html
2020-01-27,颍泉区红十字会,阜阳市颍泉区界首路99号颍泉区红十字会,颍泉区红十字会接收社会捐赠公告,1,1,,1,,1,,1,,,1,,,http://yqq.ahxf.gov.cn/info/7/8/5626.html
2020-01-27,含山县红十字会,,含山先锋网,1,1,,1,1,1,,1,,,1,,,http://hsx.ahxf.gov.cn/TZGG/31508.shtml
2020-01-28,开户行:建行宝鸡市分行营业部,宝鸡市行政中心6号楼F座301室,宝鸡市人民政府门户网站 通知公告 宝鸡市红十字会发布接收社会捐赠公告,1,1,,1,,1,,1,,,1,,,http://www.baoji.gov.cn/art/2020/1/28/art_53_479271.html
,三、龙岩市红十字会联系电话,,龙岩市红十字会关于接收社会捐赠的公告-龙岩市人民政府,1,1,,1,1,1,,1,,,1,,,http://www.longyan.gov.cn/xw/yw2/202001/t20200128_1640116.htm
2020-01-27,休宁县红十字会,,休宁县红十字会接收社会捐赠公告-休宁信息新闻网,1,1,,1,1,1,,1,,,1,,尹勇:18955910693,http://www.xnxx.gov.cn/html/gggs/gggs_1658_30367.html
2020-01-28,防控工作指挥部,,乌海市新型冠状病毒感染肺炎 防控工作指挥部公告 - 乌达区人民政府,1,1,,1,1,1,,1,1,,,,王丽:18004737558  请致电:13904736151  冰玉）/:18004737558,http://www.wuda.gov.cn/yqfk/25414.jhtml
,杭州市富阳区春秋南路62号民政局2楼209室。,,共抗疫情 富阳慈善捐赠通道开启！,,,,,,,,,,,,,,http://www.fuyang.gov.cn/art/2020/1/28/art_1385739_41858719.html
2020-01-28,竹溪县新型冠状病毒感染的肺炎疫情防控指挥部,,竹溪县新型冠状病毒感染的肺炎疫情防控指挥部通告(第9号)-竹溪县人民政府,1,1,1,1,,1,1,1,,,,,联系人:18671667318、15172269456,http://www.zhuxi.gov.cn/xwzx/jrzx/202001/t20200128_1937502.shtml
2020-01-23,十堰市新型冠状病毒感染的肺炎疫情防控指挥部,、联系电话、使用原因），统一调度应急出租车,房县政府网手机-公示公告,,,,,,,,,,,,,魏源源:18942182731  吴远海:15871126868,http://www.fangxian.gov.cn/sjb/gsgg_sjb/202001/t20200128_1937435.shtml
2020-01-23,武汉市新冠肺炎防控指挥部,,[关注]武汉市新冠肺炎防控指挥部通告（第4号） - 民生关注  - 十堰市委市政府门户网站,,,,,,,,,,,,,汪亮:13627104336  骆钢强:13297963117  ；章警官:18302795638  ；朱警官:18302795633,http://www.shiyan.gov.cn/xwzx_2477/msgz/202001/t20200123_2004153.shtml
2020-01-26,湖北省新型冠状病毒感染的肺炎防控指挥部,hbydf027,湖北省新型冠状病毒感染的肺炎防控指挥部通告 - 公示公告-孝感市门户网站,1,,,1,,1,,1,,,,,,http://www.xiaogan.gov.cn/gsgg/742100.jhtml
2020-01-29,三亚市新型冠状病毒感染的肺炎疫情防控指挥部,中国海南省三亚市凤凰路155号三亚湾红树林酒店会展中心1M楼防疫指挥中心物资保障组,三亚官方捐赠通道开通！急需物资清单如下_通知公告_三亚市交通运输局,1,1,,1,,1,,1,1,1,,,"聪
联系:13876202226",http://www.sanya.gov.cn/jtjsite/tzgg/202001/51de997caa274d91bfcdffd28c8bd362.shtml
,1、捐赠地址：山东省临沭县育新街17号二楼县红十字会办公室。,山东省临沭县育新街17号二楼县红十字会办公室,临沭网-临沭县红十字会发布重要公告,1,1,1,1,,1,,1,,,1,,,http://www.lsnews.gov.cn/index.php/index/sector/info/id/29291/catid/34.html
2020-01-28,医院总值班 15135412800　　18803548326,山西省晋中市汇通南路689号,榆次区人民政府网_,1,1,1,1,,1,1,1,,,,,院总值班:15135412800  设备科:13834829249,http://www.yuci.gov.cn/article_desc?article_id=10846.html
2020-01-24,黄冈市新型冠状病毒感染的肺炎防控指挥部,,【头条】黄冈市新冠肺炎防控指挥部通告（第3号）_英山县人民政府,,,,,,,,,,,,,系邹德元:15671726769  ；邓婕:18162872013  郭荣琳:13872022748  田丽:13636095699  安局柳敏:18986555105,http://www.chinays.gov.cn/4371223/8616868.html
,开展公共卫生服务。,,甘肃省卫生健康委员会甘肃省红十字会联...,1,1,,1,,1,,,,,,,），:18089383303,http://www.jinchuan.gov.cn/xwdt/zwdt/202001/t20200129_134646.html
,积极向本地医院捐赠医疗物资,,他们是杭州温暖群像的缩影,,,,,,,,,,,,,,http://www.hangzhou.gov.cn/art/2020/1/29/art_812262_41860517.html
2020-01-29,蒙城县红十字会,蒙城县城西三里胡蒙城县红十字会办公室,蒙城县红十字会爱心捐赠倡议书-蒙城县卫生健康委员会,1,1,,1,1,1,,1,,,1,,楠，联系:18712296780  松，联系:13966889509,http://www.mengcheng.gov.cn/wjw/content/detail/5e311280951c78547f20f482.html
,0933-2521061（静宁县卫生健康局）,静宁县城关镇二天门巷人社局门口办公楼七楼,关于静宁县卫生健康局和静宁县红十字会...,1,1,,1,,1,,,,,,,辛彦章:13830367866  赵永福:18293369045,http://www.gsjn.gov.cn/xwzx/tzgg/202001/t20200129_739027.htm
,【头条】黄冈市新冠肺炎防控指挥部通告（第3号）,,【抗击新型肺炎】紧急！黄冈发出求助，需要您的援助之手！,1,1,,1,,1,,1,,,1,,系邹德元:15671726769  ；邓婕:18162872013  郭荣琳:13872022748  田丽:13636095699  安局柳敏:18986555105,http://www.hgzx.gov.cn/zxyw/2020-01-29/3986.html
2020-01-28,青岛市崂山区民政局,崂山区政府大楼三楼一号,青岛市崂山区民政局关于动员慈善力量依法有序参与新型冠状病毒感染肺炎疫情防控工作的通知,1,,,1,,1,,1,,,,,张璐:13808976685  牛正超:18563975805,http://www.laoshan.gov.cn/n206250/n18207792/n18207912/n18207913/n18207915/200128164957844508.html
2020-01-28,抚州市东乡区慈善总会,,东乡区人民政府,1,,,1,,1,,1,,,,,王武华:18296467890  李牡蓉:13870407197,http://www.jxfzdx.gov.cn/news-show-52781.html
2020-01-27,,,上海通报新冠肺炎防控情况（1月28日）,,,,,,,,,,,,,,http://wap.sh.gov.cn/nw2/nw2314/nw32419/nw48516/nw48546/u21aw1423609.html
2020-01-28,济宁市慈善总会,捐款,济宁市民政局 通知公告 济宁市慈善总会“抗击新型冠状病毒感染肺炎疫情”慈善募捐活动公告,1,1,1,1,,1,,1,,,,,张敏:13953752017  尤元斌:13173186277,http://jnmz.jining.gov.cn/art/2020/1/28/art_9458_2441844.html
2020-01-27,商丘市红十字会,商丘市长江东路378号（市残联院内）,“抗击新型冠状病毒感染的肺炎疫情”募捐倡议书 -- 商丘市红十字会-商丘市粮食和物资储备局,1,1,,1,,1,,1,,,1,,许建勇:18537073039  季宏昌:13703706541,http://sgxw.shangqiu.gov.cn/Item/58715.aspx
2020-01-28,赣县区红十字会,赣州市赣县区梅林镇兴农路12号区卫健委3楼,赣县区红十字会抗击新型冠状病毒感染肺炎疫情防控募捐公告-赣县区人民政府,1,1,,1,,,,,1,,1,,郑翔:13970100945  ；丁玲:18679798691,http://wap.ganxian.gov.cn/content.jsp?urltype=news.NewsContentUrl&wbtreeid=1041&wbnewsid=69793
,五是组织发动红十字志愿活动。,,市红十字会积极做好新型冠状病毒感染的肺炎防控工作_新闻中心_信息公开_福州市红十字会,,,,,,,,,,,,,,http://www.fuzhou.gov.cn/zgfzzt/shszh/zz/xxgk/xwzx/202001/t20200127_3190355.htm
,“我负责联系医院！”,,湖北长安网,,,,1,,,,,,,,,,http://www.hbcaw.gov.cn/site17/gddt17/202001/t20200128_93039.shtml
2020-01-28,4.大额捐款请提前与梅州市红十字会工作人员联系。,梅州市江南梅龙东路五号医科大楼三楼，联系电话：0753－2257576；0753－2398533,关注新型冠状病毒疫情,,1,1,1,1,,,1,,,,,陈艳珠:13560990619  ；钟国和:13543204088,http://credit.meizhou.gov.cn/gzxxgzbdyq/6363.jhtml
2020-01-28,镇江市民政局,hbydf027；,镇江市民政局,1,,,1,,1,,1,,,,,系赵渡海:18061180126  薛文婷:18652848291  汪亮:13627104336  骆钢强:13297963117,http://mzj.zhenjiang.gov.cn/mzgk/tzgg/202001/t20200128_2173577.htm
2020-01-27,,,上海通报新冠肺炎防控情况（1月28日）,,,,,,,,,,,,,,http://www.shanghai.gov.cn/nw2/nw2314/nw32419/nw48516/nw48546/u21aw1423609.html
2020-01-25,十堰市新型肺炎疫情防控指挥部,,十堰市新型肺炎疫情防控指挥部通告 (第8号)-竹溪县人民政府,,,,,,,,,,,,,魏源源:18942182731  吴远海:15871126868,http://www.zhuxi.gov.cn/xwzx/jrzx/202001/t20200126_1937112.shtml
2020-01-25,十堰市新型冠状病毒感染的肺炎疫情防控指挥部,,十堰市新型冠状病毒感染的肺炎疫情防控指挥部补充通告-房县政府网,,,,,,,,,,,,,王紫焱:13636239923  冯筱莹:19986480718  魏源源:18942182731  吴远海:15871126868  局陈洪举:18986908399,http://www.fangxian.gov.cn/xwzx_31730/rdgz/202001/t20200126_1937161.shtml
2020-01-25,十堰市新型冠状病毒感染的肺炎疫情防控指挥部,,十堰市公布接受捐赠主体及急需疫情防控物资 - 十堰要闻  - 十堰市委市政府门户网站,,,,,,,,,,,,,王紫焱:13636239923  冯筱莹:19986480718  魏源源:18942182731  吴远海:15871126868  局陈洪举:18986908399,http://www.shiyan.gov.cn/xwzx_2477/syyw_2479/202001/t20200126_2004325.shtml?from=singlemessage
2020-01-23,十堰市新型冠状病毒感染的肺炎疫情防控指挥部,、联系电话、使用原因），统一调度应急出租车,通告！十堰出租车网约车停运，殡仪馆公墓封闭管理-房县政府网,,,,,,,,,,,,,魏源源:18942182731  吴远海:15871126868,http://www.fangxian.gov.cn/zwgk_t/xxgkzl/xxgkml_31749/tzgg_33999/202001/t20200128_1937435.shtml
,,,省红十字会开通多条渠道接收社会捐赠_民生资讯_福建省人民政府门户网站,,,,,,,,,,,,,,http://www.fujian.gov.cn/xw/mszx/202001/t20200127_5186501.htm
2020-01-23,鄂州市新型冠状病毒感染的肺炎防控指挥部,,鄂州市接受捐赠通告,,,,,,,,,,,,,方微:13677119334  周玲:13971984114  局陈玉章:13908688335  ；邱德勋:15308682005,http://www.ezhou.gov.cn/sy/ezyw/202001/t20200124_322489.html
2020-01-23,武汉市新冠肺炎防控指挥部,,武汉市新冠肺炎防控指挥部通告 （第4号） - 南漳县人民政府门户网站,,,,,,,,,,,,,汪亮:13627104336  骆钢强:13297963117  ；章警官:18302795638  ；朱警官:18302795633,http://nz.xiangyang.gov.cn/xwzx/nzyw/202001/t20200123_2016762.shtml
2020-01-24,黄冈市新型冠状病毒感染的肺炎防控指挥部,,【头条】黄冈市新冠肺炎防控指挥部通告（第3号）---罗田县政府门户网站,,,,,,,,,,,,,系邹德元:15671726769  ；邓婕:18162872013  郭荣琳:13872022748  田丽:13636095699  安局柳敏:18986555105,http://www.luotian.gov.cn/info/2020/C0124127355.htm
2020-01-27,武汉市红十字会接受医用耗材、防护用品等专项物资；,hbcf027-87433333；,欢迎访问中国社会组织公共服务平台,1,,,1,,1,,1,,,,,汪亮:13627104336  骆钢强:13297963117,http://www.chinanpo.gov.cn/1944/123560/index.html
2020-01-23,武汉市新冠肺炎防控指挥部,,武汉市新冠肺炎防控指挥部通告（第4号）,,,,,,,,,,,,,汪亮:13627104336  骆钢强:13297963117  ;章警官:18302795638  ;朱警官:18302795633,http://xy.xiangyang.gov.cn/zxzx/xwzt/gzxxgzbd/zxtb/202001/t20200123_2016772.shtml
,,,江西省人民政府 江西要闻 即日起接受社会各界捐助,1,1,,1,1,1,,1,,,1,,机号码:13970896018  女士）:13755607793,http://www.jiangxi.gov.cn/art/2020/1/29/art_393_1494070.html
2020-01-27,,,马鞍山市侨联关于号召海内外侨胞为打赢“新型冠状病毒感染的肺炎”防疫阻击战奉献爱心的倡议书_马鞍山市人民政府,1,1,,1,,1,,1,,,,,联系徐菁:13886026767  联系王玲:13995597170  系骆钢强:13297963117  基金会）:13501360665  省侨联）:13627289890  联系王琦:18955507987  丁胜利:18955562646  张国强:18655527550  于天明:18955586550  李明珠:13965602303  ；张煜:18705550226,http://www.mas.gov.cn/4697379/10058220.html
2020-01-29,三亚市新型冠状病毒感染的肺炎疫情防控指挥部,中国海南省三亚市凤凰路155号三亚湾红树林酒店会展中心1M楼防疫指挥中心物资保障组,三亚市新型冠状病毒感染的肺炎疫情防控指挥部通告_公告公示_三亚市人民政府网,1,1,,1,,1,,1,1,1,,,"聪
联系:13876202226",http://www.sanya.gov.cn/sanyasite/gggs/202001/4f684bf74c154327ae8f84875871cdca.shtml
2020-01-26,民政部,hbydf027；,内蒙古自治区政府门户网站 部委防控要闻 民政部关于动员慈善力量依法有序参与新型冠状病毒感染的肺炎疫情防控工作的公告,1,,,1,,1,,1,,,,,汪亮:13627104336  骆钢强:13297963117,http://www.nmg.gov.cn/art/2020/1/26/art_6561_296865.html
2020-01-25,,,内蒙古自治区政府门户网站 部委防控要闻 海关总署公告2020年第17号（关于用于新型冠状病毒感染的肺炎疫情进口捐赠物资办理通关手续的公告）,,,,,,,,,,,,,,http://www.nmg.gov.cn/art/2020/1/26/art_6561_296868.html
2019-12-31,附件：1.内蒙古自治区抗震救灾指挥部工作组组成及职责分工,、震级、震源深度等速报参数的测定，报自治区人民政府、应急管理厅和中国地震局，同时通报自治区抗震救灾指挥部各成员单位，并及时续报有关情况,内蒙古自治区政府门户网站 自治区政府办公厅 内蒙古自治区人民政府办公厅关于印发自治区地震应急预案(2019年版）的通知,,,,,,,,,,,,,,http://www.nmg.gov.cn/art/2020/1/22/art_1686_296612.html
2020-01-25,襄阳市红十字会,,襄阳市红十字会接受爱心捐赠的公告,1,1,,1,1,1,,1,,,1,,宋越:13697200868,http://www.xf.gov.cn/zxzx/jrgz/202001/t20200128_2018552.shtml
,黄山市红十字会捐赠电话,屯溪区安东路116号三楼,黄山市红十字会接收社会捐赠公告,1,1,,1,1,1,,1,,,1,,,http://hszh.huangshan.gov.cn/Content/show/JA078/51504/1/1086915.html
,符合GB15980-1995《一次性使用医疗用品卫生标准》,丹棱县齐乐大道6号,丹棱县接受社会捐赠公告-丹棱县人民政府,1,1,,1,,1,,1,,,,,张燕:15328769279  张琴:17760666797,http://www.scdl.gov.cn/info/1452/144326.htm
,渭南市中心医院,陕西省渭南市胜利大街与渭清路东北角渭南市中心医院,渭南市中心医院接受捐赠公告,1,1,,1,,,,,,1,,,管老师:13709138000,http://www.linwei.gov.cn/xwzx/gqgg/118786.htm
,联系电话：县红十字会：林丽清,,"关于沙县红十字会接收社会捐赠的公告
_
公告公示
_
沙县人民政府",1,1,,1,1,1,,1,,,1,,,http://www.fjsx.gov.cn/zwgk/gggs/202001/t20200128_1470222.htm
2020-01-28,蓬莱市民政局、社会组织党委和社会组织党群服务中心,,欢迎访问中国社会组织公共服务平台,,,,,,,,,,,,,,http://www.chinanpo.gov.cn/1944/123597/index.html
2020-01-27,武汉市红十字会接受医用耗材、防护用品等专项物资；,hbcf027-87433333；,欢迎访问中国社会组织公共服务平台,1,,,1,,1,,1,,,,,汪亮:13627104336  骆钢强:13297963117,http://chinanpo.gov.cn/1944/123560/index.html
2020-01-26,谷城县红十字会,谷城县城关镇东宁路2号（县卫健局大门左侧）,谷城县红十字会接受社会捐赠的公告 - 谷城政府网,1,1,,1,1,1,,1,,,1,,吴兴可:18872599387,http://www.hbgucheng.gov.cn/xwzx/gsgg/202001/t20200126_2017859.shtml
2020-01-25,襄阳市红十字会,,襄阳市红十字会接受爱心捐赠的公告,1,1,,1,1,1,,1,,,1,,宋越:13697200868,http://www.xf.gov.cn/zxzx/jrgz/202001/t20200128_2018552.shtml
2020-01-26,高青县红十字会,高青县城清河路5号机关综合办公楼7楼红十字会机关综合办公室,高青县人民政府 今日关注 高青县红十字会接受爱心捐赠公告,1,1,,1,,1,,,1,,,,,http://www.gaoqing.gov.cn/art/2020/1/26/art_4596_1878843.html
,,,梅州市梅县区慈善会接受爱心捐赠公告_梅县区共青团,1,1,,1,,,,,,,,,,http://www.mxyouth.gov.cn/news/gqyw/2020/0127/1080.html
2020-01-26,丽江市古城区红十字会,丽江市古城区福慧路442号,丽江市古城区人民政府  丽江市古城区红十字会关于防控新型冠状病毒感染的肺炎疫情接受社会捐赠公告,1,1,1,1,,1,1,1,,,1,,系付洁:15912225193,http://www.ljgucheng.gov.cn/zwgk_14144/gsgg/202001/t20200129_918529.html
,,乌鲁木齐市延安路773号（新疆维吾尔自治区红十字会）；联系人：曼苏尔·纳曼；联系电话：0991-256611218099488589,兵团第二师铁门关市-自治区财政厅、自治区卫健委、自治区红十字会联合发布接收社会捐赠的公告,1,1,,1,1,1,,1,1,,,,,http://www.tmg.gov.cn/fsxw/zwxw/126620.htm
,地 址：湖北省随州市曾都医院(随州市烈大道700号),湖北省随州市曾都医院(随州市烈大道700号),随州市曾都医院接受爱心捐赠公告-政务公开-公示公告-随州市曾都区人民政府网站,1,1,1,1,,1,,,1,,,,刘贤洲:13774092298,http://www.zengdu.gov.cn/portal.php?mod=view&aid=11438
2020-01-28,,,宜宾市南溪区中医医院接受社会捐赠的公告 - 南溪区门户网,,,,,,,,,,,,,,http://www.zgnx.gov.cn/gov/zwgk/tongzhigonggao/727739.jhtml
2020-01-27,,临夏市红园路40号州卫健委办公楼206室,欢迎访问临夏回族自治州人民政府门户网站-,1,1,,1,,1,,,,,,,马玉莲:13993091398  苏平:18393404043,http://www.linxia.gov.cn/Article/Content?ItemID=bed9afab-ecd5-4734-9d2a-e7fc7546ddd4
,,0335-5311505（工作时间）、0335-5311506（工作时间）、0335-5311508（24小时）；,秦皇岛市网络问政平台,1,1,1,1,,1,1,1,,,1,,,http://www.qsjxx.gov.cn/front/3188.htm
2020-01-27,部分防护物资(耗材)需符合或高于下列国家标准:,四川省雅安市雨城区大兴新区芳草路9号,四川省雅安市疾病预防控制中心接受社会捐赠公告 - 雅安市人民政府,1,1,,1,,,,,,,,,师电话:15181209132,http://www.yaan.gov.cn/gongkai/show/20200128114457-28150-00-000.html
2020-01-25,宜昌市红十字会 宜昌市卫生健康委员会,,宜昌市红十字会、宜昌市卫生健康委员会接收社会爱心捐赠公告 - 公示公告 - 宜昌市人民政府,,,,,,,,,,,,,；张勇:18062998896,http://www.yichang.gov.cn/html/zhengwuyizhantong/zhengwuzixun/gongshigonggao/2020/0125/1017218.html
2020-01-27,大理州红十字会,鹤庆县红十字会（鹤庆县云鹤镇鹤阳西路30号）,大理州红十字会关于防控新型冠状病毒感染的肺炎疫情接受社会捐赠公告-大理白族自治州人民政府,1,1,1,1,,1,1,1,,,1,,,http://www.dali.gov.cn/dlrmzf/c101536/202001/c34bc7c7aca54fd1bdac28cda4d0e379.shtml
2020-01-28,连云港市海州区红十字会,连云港市海州区秦东门大街28号海州区行政中心543B室,众志成城 共克时艰  连云港市海州区红十字会接受爱心捐赠公告,1,1,1,1,,1,,1,,1,,,任思璇:13705133711  张　　越:18036677909,http://www.lyg.gov.cn/lyghzqrmzf/tzggg/content/ff4468ab-a89c-4749-9953-be19c181325f.html
2020-01-29,庄浪县红十字会,庄浪县水洛镇东关街46号,【疫情防控】庄浪县卫生健康局、庄浪县红十字会关于联合呼吁接收社会捐赠的公告_通知公告_庄浪门户网-庄浪县唯一党政网站群,1,1,,1,,1,,1,,,,,王彦君:17793378319  李伟亮:18793326216,http://www.gszhuanglang.gov.cn/index.php/cms/item-view-id-46594.shtml
2020-01-28,平凉市崆峒区卫生健康局         平凉市崆峒区红十字会,崆峒区崆峒大道中路681号（区民政局507室）,甘肃·崆峒-崆峒区卫生健康局 崆峒区红十字会联合呼吁接收社会捐赠的公告,1,1,,1,,1,,,,,,,捐款）:13993391915,http://www.kongtong.gov.cn/xwdt/ggtz/202001/t20200129_738889.html
2020-01-26,通山县人民医院,湖北省通山县通羊镇滨河路16号,通山县人民政府门户网站-通山县人民医院接受社会爱心捐赠公告,1,1,1,1,,1,1,1,,,,,务科联系:18671511425,http://www.tongshan.gov.cn/zc/xxgkml/gggs/202001/t20200128_1922734.shtml
2020-01-26,秭归县红十字会,湖北省秭归县茅坪镇长宁大道10号,秭归县红十字会接受社会爱心捐赠公告_三峡秭归,1,1,1,1,,,1,1,,,,,王国训:18972539456  宋勇:18771858516,http://www.zigui.gov.cn/2020/0126/818704.shtml
,户名:新疆生产建设兵团红十字会,,红十字会--通知公告--新疆生产建设兵团红十字会关于防控新型冠状病毒感染的肺炎疫情接受社会捐赠公告,1,1,,1,1,1,,1,1,,,,系张中平:13579935656  张永胜:15981792092,http://hszh.xjbt.gov.cn/c/2020-01-28/7322136.shtml
,账  户：呼伦贝尔市海拉尔区红十字会,,呼伦贝尔市海拉尔区人民政府,1,1,,1,1,1,,1,,1,1,,,http://www.hailar.gov.cn/content/detail/5e2fe5787f8b9a7da032cfcc.html
,吉安县新型冠状病毒感染的肺炎疫情联防联控应急指挥部办公室,,-吉安县人民政府网,1,1,,1,1,1,,1,1,,1,,公室）:13979603560,http://www.jianxian.gov.cn/html/2020/0-28/n76052308.html
2020-01-28,达州市达川区新型冠状病毒感染的肺炎防治指挥部,达州市达川区达川大道三段551号,达州市达川区新型冠状病毒感染的肺炎防治指挥部 接受社会捐赠公告 - 政务公开 - 达川区人民政府网,1,,1,1,,,1,,1,,,,程鹏:13619064911  微信号:13619064911,http://www.dachuan.gov.cn/show/2020/01/29/470123.html
2020-01-27,肺炎疫情防控工作指挥部,信阳市羊山新区规划展示馆南门老干部活动中心403房间,信阳市新型冠状病毒感染的肺炎疫情防控指挥部接受社会捐赠公告-公告公示,1,1,1,1,,1,,1,,,,,,http://www.xyysxq.gov.cn/3g/show.asp?m=1&d=4482
,,,关于接受疫情防控物资社会爱心捐赠的公告,,,,,,,,,,,,,,http://www.hnhs.gov.cn/22557/22597/22566/content_1117497.html
2020-01-25,大悟县新型肺炎防控指挥部,,大悟县新型冠状病毒感染的肺炎防控指挥部关于开启接收爱心捐赠的公告,1,1,,1,,,1,,,1,,1,周勩:15072669737,http://www.hbdawu.gov.cn/content/200126_006.shtml
2020-01-28,商都县红十字会,进修大楼4楼红十字会办公室,商都县人民政府,1,1,,1,1,1,,1,1,,,,联系:18647470730,http://www.shangdu.gov.cn/Alone/Details/26999.html
2020-01-27,,,抗击新型肺炎 长丰县红十字会接受社会捐赠款物公告（1月26日—1月28日18:00）_长丰县红十字会,,,,,,,,,,,,,,http://redcross.changfeng.gov.cn/7181121/52105687.html
2020-01-27,三明市卫生健康委员会,,三明市卫生健康委员会关于接收防控新型冠状病毒感染的肺炎疫情捐赠款物的公告_其它_三明市人民政府,1,1,,1,1,1,,1,,,1,,,http://www.sm.gov.cn/zw/zwgk/gsgg/qt_5599/202001/t20200127_1470144.htm
,,,【公告】息县人民医院接受新型冠状病毒感染的肺炎防控物资爱心捐赠公告_息县新闻网,,,,,,,,,,,,,,http://www.xxnews.gov.cn/m/view.php?aid=13299
2020-01-28,,铜川市新区朝阳路9号政务大楼406室，联系电话：0919-3189223,,1,1,1,1,,1,,1,,,,,,http://www.tongchuan.gov.cn/html/zxzx/gsgg/ggtz/202001/245159.html
2020-01-29,泰州市姜堰区慈善协会,hbshszh；,姜堰区人民政府 部门公告 关于动员社会组织、慈善力量依法有序参与新型冠状病毒感染的肺炎疫情防控工作的公告,1,,,1,,1,,1,,,,,汪亮:13627104336  骆钢强:13297963117,http://www.jiangyan.gov.cn/art/2020/1/29/art_58428_2644847.html
2020-01-26,咸安区新型冠状病毒感染的肺炎防控指挥部,,咸安区政府-咸安区新型冠状病毒感染的肺炎防控指挥部通告 第5号,,,,,,,,,,,,,陈建联系:18971807495  陈晖联系:18986611988  行保障）:18986611988,http://www.xianan.gov.cn/xxgk/xxgkml/tzgg/202001/t20200126_1922145.shtml
2020-01-26,黄州区新型冠状病毒感染的肺炎防控指挥部,,黄州区新型冠状病毒感染的肺炎防控指挥部公告-今日黄州-黄州区人民政府门户网站,,,,,,,,,,,,,柳爱莲:13971705152  熊思琪:15571389062  新华:13871991961,http://wsw.huangzhou.gov.cn/doc/2020/01/26/82620.shtml
2020-01-26,临汾市慈善总会,临汾市体育北街45号二招院内9号115室,临汾市慈善总会  呼吁社会各界参与支持抗击新型冠状病毒感染的肺炎疫情捐助工作的呼吁书-通知公告-临汾市民政局,1,1,1,1,,1,1,1,1,,,,吴曦:13453770578  赵轶:18636709288,http://mzj.linfen.gov.cn/contents/520/493794.html
2020-01-28,西安市民政局,,通知公告-西安市民政局,,,,,,,,,,,,,服务咨询:13909253834,http://mzj.xa.gov.cn/mzzx/tzgg/5e30ff7afd8508098d8fe8eb.html
2020-01-28,平凉市卫生健康委员会　平凉市红十字会,平凉市西大街308号（市科协办公楼4楼）,平凉市卫生健康委员会　平凉... - 通知公告-平凉市人民政府,1,1,,1,,1,,,,,,,捐款）:18793341615,http://wap.pingliang.gov.cn/xwzx/tzgg/202001/t20200128_738716.html
2020-01-29,延寿县红十字会,延寿县延寿镇西同庆街234号（县卫生健康局302室）,哈尔滨市延寿县人民政府 通知公告 “抗击新型冠状病毒感染的肺炎疫情”募捐倡议书,1,1,,1,,1,,1,,,1,,赵延春:15216999777  温立君:13504819977,http://www.hlyanshou.gov.cn/art/2020/1/29/art_21652_869387.html
2020-01-27,商丘市红十字会,商丘市长江东路378号（市残联院内）,“抗击新型冠状病毒感染的肺炎疫情”募捐倡议书  -- 商丘市红十字会   _通知公告_新闻中心_民权政府网站,1,1,,1,,1,,1,,,1,,许建勇:18537073039  季宏昌:13703706541,http://www.minquan.gov.cn/xwzx/tzgg/content_18763
,联系地址：四川省眉山市青神县青城镇文林街28号青神医院集团,四川省眉山市青神县青城镇文林街28号青神医院集团,关于眉山市医疗机构接收社会捐赠的公告-中共眉山市委 眉山市人民政府 门户网站,1,1,,1,,,1,1,,,,,何老师:18990302166  王老师:18990305566  左老师:18227755763  马老师:13309038948  庞老师:13890310201  张老师:18228193626  李老师:18090067185  刘老师:15884304290  张燕:15328769279  张琴:17760666797,http://www.ms.gov.cn/info/5421/1079510.htm
2020-01-27,漳平市红十字会,,公   告-漳平市人民政府,1,1,,1,1,1,,1,,,1,,,http://www.zp.gov.cn/xwdt/tzgg/202001/t20200127_1640030.htm
2020-01-27,​　　宜春市慈善总会,,中国宜春_政务公告,1,,,1,,1,,1,,,,,胡玲:13507956650,http://www.yichun.gov.cn/news-show-582072.html
2020-01-27,九江市浔阳区红十字会,九江市浔阳区长虹大道66号,万众一心　抗击疫情_浔阳网,1,,1,1,1,1,,1,1,,1,,杨先生:15879218706,http://www.xunyang.gov.cn/document/2020-01-27/134734_0.html
2020-01-25,南漳县慈善会,湖北省襄阳市南漳县城关镇苗圃路,南漳县慈善会接受爱心捐赠公告 - 南漳县人民政府门户网站,1,1,1,1,,1,1,1,,,,,王小锋:13995753318,http://www.hbnz.gov.cn/xwzx/nzyw/202001/t20200125_2017390.shtml
2020-01-25,襄城区红十字会,襄阳市襄城区政法路8号,襄城区人民政府,1,1,,1,1,1,,1,,,1,,徐嫒坤:13871678030  陈伟:15071522708,http://www.xfxc.gov.cn/news/202001/t20200126_2017513.html
2020-01-26,黄石市红十字会,黄石市桂林南路10号,黄石市人民政府-黄石市红十字会接受捐赠通告,,,,,,,,,,,,,李名钊:13872128806  黄德池:15826950157,http://www.huangshi.gov.cn/xwdt/rdgz/202001/t20200126_597390.html
2020-01-27,万年县民政局   万年县慈善总会,,​关于开展应对新型冠状病毒感染的肺炎疫情捐赠活动的公告_万年县人民政府,,,,,,,,,,,,,唐怀玉:18970386870  吴维春:18970386698  陈佳:15879310883,http://www.zgwn.gov.cn/wnzx/tzgg/104611.html
,,,白银市红十字会 白银市卫生健...,,,,,,,,,,,,,,http://www.baiyin.gov.cn/xwzx/gggs/202001/t20200127_146887.html
,,,深圳市卫生健康委员会关于公布新型肺炎防控物资社会捐赠渠道的公告_公示公告_深圳市卫生健康委员会,,,,,,,,,,,,,,http://wjw.sz.gov.cn/gsgg/202001/t20200127_18992698.htm
2020-01-27,西乡县红十字会,西乡县政府大楼四楼东侧。2、为方便开具捐赠票据，捐赠时请务必注明捐赠款物人(企业)准确名称及联系方式。捐赠请备注：新型肺炎防控。3、如联系电话占线时，请耐心等待，敬请广大爱心人士谅解！二、接收物资需要以下品种：N95口罩，防护服，隔离衣，空气消毒机，红外线体温检测枪、医用防护口罩，防护面罩，护目镜，84消毒液，医用酒精、一次性消毒床罩，一次性普通口罩，一次性医用帽，一次性使用手术衣、医用手套等。说明：1、各类物资须在保质期内，正规企业产品，无破损、无污染。2、为方便接收捐赠物资，请先行与联系人沟通捐赠意向，得到确认后再行捐赠。捐赠地址：陕西省汉中市西乡县城北街道办西大街82号（西乡县红十字会）邮政编码：723500联系人：郑小丽133591687750916—6215699感谢社会各界爱心企业、海外华侨、爱心人士对抗击新型冠状病毒感染肺炎疫情所给予的关心和大力支持，我们本着公开、透明、高效的原则，将接收的物资和捐款用于疫情防控工作，并接受社会各界的监督,西乡县红十字会关于防控新型冠状病毒感染肺炎的募捐公告-西乡县人民政府门户网站,1,,,1,1,1,,1,,,1,1,,http://www.snxx.gov.cn/info/1029/100789.htm
2020-01-28,泰州市慈善总会,hbshszh；,泰州市民政局 公示公告 关于动员社会组织、慈善力量依法有序参与新型冠状病毒感染的肺炎疫情防控工作的公告,1,,,1,,1,,1,,,,,汪亮:13627104336  骆钢强:13297963117,http://mzj.taizhou.gov.cn/art/2020/1/28/art_2538_2644689.html
,,,【公告】息县人民医院接受新型冠状病毒感染的肺炎防控物资爱心捐赠公告(2)_息县新闻网,,,,,,,,,,,,,,http://www.xxnews.gov.cn/html/gonggao/2020/0128/13299_2.html
2020-01-25,四川大学华西医院,,华西医院急需防护服、眼罩、面罩、口罩等，欢迎捐赠！- 四川省人民政府,1,,,1,,,1,1,,,,,刘老师:19983137864  王老师:19983137858  何老师:18980605024,http://www.sc.gov.cn/10462/12771/2020/1/26/a77de2ca08014c26898d03cfefbba82d.shtml
2020-01-27,泰宁县红十字会,,"泰宁县卫生健康局关于接收防控新型冠状病毒感染的肺炎疫情捐赠款物的公告_
        医疗卫生_
        泰宁县人民政府",1,1,,1,1,1,,1,,,1,,,http://www.fjtn.gov.cn/zwgk/wsspypaq/ylws/202001/t20200128_1470218.htm
2020-01-27,铜鼓县人民医院,铜鼓县定江东路528号,铜鼓县政府-政务资讯-公告公示,1,1,,1,,1,,1,,,,,张主任:13507054941,http://www.tonggu.gov.cn/news-show-21582.html
2020-01-28,江西省新型冠状病毒感染的肺炎疫情防控应急指挥部,,"江西省新型冠状病毒感染的肺炎疫情防控应急指挥部公告 -
			南昌市人民政府",1,1,,1,1,1,,1,,,1,,机号码:18070121240、13970896018  女士）:13755607793,http://www.nc.gov.cn/ncszf/jrnc/202001/294af1c803004c91bc0e83441bd6fd90.shtml
2020-01-24,红安县新型冠状病毒感染的肺炎防控工作指挥部,,红安县新型冠状病毒感染的肺炎防控工作指挥部通告（第五号）_红安县人民政府门户网站,1,1,,,,,,,,,,1,秦丹萍:18986537677  张贝:15971381813  官金啸林:18971731198  警官刘波:13317509996,http://www.hazf.gov.cn/4303615/23885389.html
2020-01-27,接受捐赠户名：荆州经济技术开发区社会事务管理局,,公示公告 - 荆州经济技术开发区,,,,,,,,,,,,,周大力:15027166867,http://www.jing-zhou.gov.cn/xxgk/xxgkml/gsgg/202001/t20200128_452177.shtml
,,,武汉红十字会在接受捐赠时要收手续费?谣言!_江苏检察网,,,,,,,,,,,,,,http://www.jsjc.gov.cn/yaowen/202001/t20200128_966704.shtml
,,扬州市徐凝门路118号，扬州市红十字会救护培训中心,坚决阻击疫情！扬州市红十字会接受爱心捐赠 - 扬州市红十字会--中国扬州门户网站群,1,1,,1,1,1,,1,,,1,,,http://hszh.yangzhou.gov.cn/yzshszh/tzgg/202001/d02d8297aba4436e8483918461ed35b0.shtml
2020-01-26,临沂市红十字会,及联系方式：临沂市北城新区上海路府佑大厦B座10楼临沂市红十字会0539-8726173、8129682,为疫情捐赠款物 临沂市红十字会为您搭建爱心通道-欢迎您来到临沂市人民政府,1,1,1,1,,1,1,1,,,1,,,http://www.linyi.gov.cn/info/4971/235048.htm
,,,信用三亚,,,,,,,,,,,,,,http://xysy.sanya.gov.cn/jdxw/605357.jhtml
2020-01-25,南漳县红十字会,,南漳县红十字会接受爱心捐赠公告 - 南漳县人民政府门户网站,1,1,,1,,1,,,1,,,,殷俊:13986322123  ；欧龙飞:15971107206,http://www.hbnz.gov.cn/xwzx/nzyw/202001/t20200125_2017346.shtml
2020-01-26,随县人民医院,湖北省随州市随县幸福大道南端,湖北随州市随县人民医院接受爱心捐赠公告-随县人民政府门户网站,1,1,,1,,1,1,1,,,,,文格联系:18727966047,http://www.zgsuixian.gov.cn/a/zhengfuwenjian/2020/0126/43615.html
,联系人：云梦县慈善会　　陈鹏：18972671789,云梦县城关镇曲湖路68号（县民政局三楼）,云梦网 - 公告公示,,,,,,,,,,,,,陈鹏:18972671789,http://www.yunmeng.gov.cn/gggs/742318.jhtml
2020-01-27,菏泽市民政局,,菏泽市人民政府 回应关切 菏泽市民政局关于动员社会组织依法有序参与新型冠状病毒感染的肺炎疫情防控工作的公告,1,,,1,,1,,1,,,,,,http://www.heze.gov.cn/art/2020/1/27/art_108052_8758878.html?xxgkhide=1
2020-01-26,宜昌市夷陵区红十字会,宜昌市夷陵区双虹路5号,夷陵区红十字会接受社会爱心捐赠公告 - 公示公告 - 宜昌市夷陵区人民政府,1,1,1,1,,1,,1,,1,,,史丹丹:13507208696,http://www.10.gov.cn/content-638-528105-1.html
2020-01-25,武穴市新型肺炎防控指挥部,,武穴市人民政府门户网站 公示公告 武穴市新型肺炎防控指挥部通告（第6号）,1,1,,,,,,,,,,1,朱正升:13871968066  吴鸣:18986516898  官陈海英:18986751053  刘敏:18986751360,http://www.wuxue.gov.cn/art/2020/1/25/art_43_70611.html
2020-01-28,,梁祝大道与吉祥大道交叉口往东100米路南县卫健体(东院)三楼财务室。邮政编码：463300热线电话：0396-2711330,关于开展“抗击新型冠状病毒感染的肺炎疫情”募捐公告,1,1,1,1,,1,,1,,,,,,http://www.runan.gov.cn/web/front/news/detail.php?newsid=11581
2020-01-26,莆田市秀屿区红十字会,,"秀屿区红十字会向各界爱心力量发出倡议_
			部门动态_
			莆田市秀屿区人民政府",1,1,,1,1,1,,1,,,1,,手机号:13860916051、15260992269,http://www.ptxy.gov.cn/zwgk/gzdt/bmhd/202001/t20200127_1443007.htm
2020-01-28,仁怀市红十字会,,中国酒都·仁怀市人民政府公众信息网·政府公告·仁怀市红十字会接收社会捐赠公告,1,1,,1,1,1,,1,,,1,,系电话:19985125976,http://www.rh.gov.cn/xwzx_500535/tzgg/zfgg/202001/t20200128_45740257.html
2020-01-25,十堰市新型冠状病毒感染的肺炎疫情防控指挥部,,十堰公布接受社会爱心捐赠账户和捐赠物资信息 - 十堰要闻  - 十堰市委市政府门户网站,,,,,,,,,,,,,魏源源:18942182731  吴远海:15871126868,http://www.shiyan.gov.cn/xwzx_2477/syyw_2479/202001/t20200125_2004289.shtml?from=groupmessage
2020-01-28,湖北省红十字会捐赠信息：,湖北省武汉市江岸区胜利街162号武汉市红十字会，邮政编码：430000，收货人：叶慧敏，收货人电话：027—82210181,打好“防疫”阻击战 市红十字会在行动_中国大连,1,1,,1,,1,,1,,1,1,,骆钢强:13297963117,http://www.dl.gov.cn/gov/detail/detail.vm?diid=100C01000200122185820012831&lid=3_3
,4.大额捐款请提前与汕尾市红十字会工作人员联系。,汕尾市城区通港路西小区16栋2号，联系电话：06603320903；06603320334,汕尾红十字会开通专用捐款捐赠通道！请朋友们转发起来，捐赠物资，抗击疫情_汕尾在行动_汕尾市人民政府门户网站,1,1,,1,1,,,1,,,,,陈锦标:18138105905  ；黄少正:13428231793,http://www.shanwei.gov.cn/shanwei/jjsw/ztzl/yqfk/sjyqgz/content/post_570550.html
2020-01-25,十堰市新型冠状病毒感染的肺炎疫情防控指挥部,,十堰公布接受社会爱心捐赠账户和捐赠物资信息 - 十堰要闻  - 十堰市委市政府门户网站,,,,,,,,,,,,,魏源源:18942182731  吴远海:15871126868,http://www.shiyan.gov.cn/xwzx_2477/syyw_2479/202001/t20200125_2004289.shtml?from=timeline
,开户行：中国工商银行泉州分行营业部,,泉州市红十字会开通社会募捐通道-部门动态-泉州动态-政府信息公开专栏-政务公开-泉州市人民政府,1,1,,1,1,1,,1,,,1,,,http://www.quanzhou.gov.cn/zfb/xxgk/zfxxgkzl/qzdt/bmdt/202001/t20200128_2022857.htm
2020-01-26,湖北省新型冠状病毒感染的肺炎防控指挥部,hbydf027,扩散！湖北发布官方捐赠通道！多地医院紧急求援！--湖北法治网,1,,,1,,1,,1,,,,,,http://www.124.gov.cn/2020/0127/819022.shtml
,银行户名：重庆市红十字基金会,,重庆市民政局,1,1,1,1,,1,,1,1,,,,徐进:15823103969  彭璐:13647607702,http://mzj.cq.gov.cn/cqmz/html/tzgg/20200128/20332.html
2020-01-28,,,通知公告-中国民主同盟徐州市委员会,,,,,,,,,,,,,张静:13852228095,http://www.xzmm.gov.cn/Item/Show.asp?m=1&d=3901
2020-01-28,,,"信用动态_要闻聚焦,广东情况",,,,,,,,,,,,,,http://credit.shanwei.gov.cn/NEWXYDTDETAIL/42b8962e681445718534de140653b311/.html
2020-02-02,,,多措并举，科学应对，全力以赴抓好新型冠状病毒感染的肺炎疫情工作 - 咸宁市民政局门户网站,,,,1,,,,,,,,,,http://mzj.xianning.gov.cn/xwzx/gzdt/202001/t20200128_1922807.shtml
2020-01-26,部分物资（耗材）需符合下列国家标准：,随州市随县新政府八一路,湖北省随州市随县疾病预防控制中心接受爱心捐赠公告-随县人民政府门户网站,1,1,,1,,1,,1,,,1,,晓斌联系:13597847551,http://www.zgsuixian.gov.cn/a/zhengfuwenjian/2020/0126/43616.html
,医院总值班 15135412800　　18803548326,山西省晋中市汇通南路689号,防护物资“告急” ，晋中市第一人民医院急需社会爱心捐赠！_本市时政_新闻中心_晋中市政府门户网站,1,1,1,1,,1,1,1,,,,,院总值班:15135412800  设备科:13834829249,http://sxjz.gov.cn/xwzx/bssz/content_314954
2020-01-27,,,邻水县人民政府,1,1,,1,,1,,1,,,,,廖老师:18728658618  王老师:13547526783,http://www.scls.gov.cn/lsxrmzf/gsgg/2020-01/27/content_61262e34e1a142ed901e8085aa1481cb.shtml
2020-01-26,大冶市新型冠状病毒感染的肺炎疫情防控工作指挥部,大冶市新型冠状病毒肺炎防控工作指挥部（原质监局办公楼一楼）,关于接受社会爱心捐赠的公告_大冶市人民政府,1,,,1,,,,,,,1,1,林龙:18986588029  曹丽珍:13907230930  周杰:19971212090  刘洪涛:18934676581  杨建雄:18671415020  邓卫国:13545490999,http://www.hbdaye.gov.cn/xwzx/dyyw/202001/t20200126_597560.html
2020-01-28,亳州市民政局,,关于全市性社会组织参与新型冠状病毒感染肺炎疫情防控工作的通知-亳州市民政局,1,,,1,,1,,1,,,,,,http://mzj.bozhou.gov.cn/News/show/370574.html
,,,爱心人士为县医院捐赠防控物资 - 武功县人民政府门户网站,,,,1,,,,,,,,,,http://www.wugong.gov.cn/xwzx/wgkb/94614.htm
2020-01-25,南漳县慈善会,湖北省襄阳市南漳县城关镇苗圃路,南漳县慈善会接受爱心捐赠公告 - 南漳县人民政府门户网站,1,1,1,1,,1,1,1,,,,,王小锋:13995753318,http://nz.xiangyang.gov.cn/xwzx/nzyw/202001/t20200125_2017390.shtml
2020-01-26,谷城县慈善会,湖北省襄阳市谷城县城关镇筑阳路11号,谷城县慈善会接受爱心捐赠公告 - 谷城政府网,1,1,1,1,,1,1,1,,,,,周艳丽:13871673933,http://gc.xiangyang.gov.cn/xwzx/gsgg/202001/t20200126_2017748.shtml
2020-01-26,房县新型冠状病毒感染的肺炎疫情防控指挥部,,房县新型冠状病毒感染的肺炎疫情防控指挥部通告(第6号)-房县政府网,,,,,,,,,,,,,杨兴:13636143978,http://www.fangxian.gov.cn/xwzx_31730/fxyw_31731/202001/t20200126_1937235.shtml
2020-01-26,随县红十字会,,随县红十字会接受爱心捐赠公告-随县人民政府门户网站,1,1,,1,,1,,,1,,,,张明才:13308663956  张先兵:15871252288,http://www.zgsuixian.gov.cn/a/zhengfuwenjian/2020/0126/43614.html
,,、银行账户、接收程序等，接受、分配捐助的资金和物资，及时公告捐赠款物接收、分配和使用情况,应急管理系统积极应对新型冠状病毒感染的肺炎疫情防控工作--中华人民共和国应急管理部,,,,1,,,,,,,,,,https://www.mem.gov.cn/xw/gdyj/202001/t20200128_343871.shtml
,,、银行账户、接收程序等，接受、分配捐助的资金和物资，及时公告捐赠款物接收、分配和使用情况,河南应急管理部门进入24小时应急状态_媒体关注_河南省应急管理厅,,,,1,,,,,,,,,,http://yjglt.henan.gov.cn/2020/01-27/1285195.html
,部分防护物资（耗材）需符合或高于下列国家标准：,四川省达州市通川区西外龙泉路1号,达州市中西医结合医院接受社会捐赠公告 - 达州市人民政府,1,1,1,1,,,1,1,1,,,,,http://www.dazhou.gov.cn/articview_20200127145835365.html
2020-01-27,衡阳市红十字会,衡阳市红十字会（华新开发区翠竹路8号）,蒸湘区党政门户网-便民信息,1,1,,1,1,,,1,,1,1,,,http://www.zhengxiang.gov.cn/c8030/20200129/i428474.html
,,、银行账户、接收程序等，接受、分配捐助的资金和物资，及时公告捐赠款物接收、分配和使用情况,应急管理系统积极应对新型冠状病毒感染的肺炎疫情防控工作--中华人民共和国应急管理部,,,,1,,,,,,,,,,https://www.mem.gov.cn/xw/gdyj/202001/t20200128_343871.shtml
,,,中国·长阳,,,,1,,,,,,,,1,,http://www.changyang.gov.cn/content-5084-510852-1.html
2020-01-27,​　　宜春市慈善总会,,中国宜春_政务公告,1,,,1,,1,,1,,,,,胡玲:13507956650,http://wap.yichun.gov.cn/news-show-582072.html
2020-01-22,王有玄  县妇幼保健院党支部书记,,甘肃民乐-民政办发,,,,,,,,,,,,,,http://www.gsml.gov.cn/zwgk/gkwj/zfbwj/202001/t20200127_376403.html
2020-01-27,(一)年龄在18-50周岁为宜，个人及家庭居住人员身体健康；,,平阳县新型冠状病毒感染肺炎疫情防控工作志愿服务招募公告,,,,1,,1,,,,,,,温杨特:15706795575,http://www.zjpy.gov.cn/art/2020/1/28/art_1256718_41859400.html
2020-01-27,三明市卫生健康委员会,,"三明市卫生健康委员会关于接收防控新型冠状病毒感染的肺炎疫情捐赠款物的公告_
        公告公示_
        泰宁县人民政府",1,1,,1,1,1,,1,,,1,,,http://www.fjtn.gov.cn/zwgk/gggs/202001/t20200128_1470191.htm
2020-01-27,福建省卫生健康委员会,为“福州市湖东路188号外经贸广场3层福建省红十字会”，邮编：350003,福建省卫生健康委员会关于接收防控新型冠状病毒感染的肺炎疫情捐赠款物的公告-晋江市人民政府,1,1,,1,1,1,,1,,,1,,,http://www.jinjiang.gov.cn/xxgk/gsgg/202001/t20200127_2022735.htm
2020-01-28,兴安盟新型冠状病毒肺炎疫情防控指挥部,兴安盟党政大楼805室,兴安盟新型冠状病毒肺炎疫情防控指挥部接受社会捐赠的公告,,,,1,1,1,,1,1,,,,,http://www.xam.gov.cn/mcxam/index/jrxa/3164041/index.html
2020-01-28,连云港市海州区红十字会,连云港市海州区秦东门大街28号海州区行政中心543B室,众志成城 共克时艰  连云港市海州区红十字会接受爱心捐赠公告,1,1,1,1,,1,,1,,1,,,任思璇:13705133711  张　　越:18036677909,http://www.lyghz.gov.cn/lyghzqrmzf/tzggg/content/ff4468ab-a89c-4749-9953-be19c181325f.html
2020-01-25,十堰市新型冠状病毒感染的肺炎疫情防控指挥部,,十堰公布接受社会爱心捐赠账户和捐赠物资信息 - 新冠肺炎  - 十堰市委市政府门户网站,,,,,,,,,,,,,魏源源:18942182731  吴远海:15871126868,http://www.shiyan.gov.cn/2020ztzl/xxfy/202001/t20200125_2004294.shtml
2020-01-28,威海市民政局  威海市红十字会  威海市慈善总会,,威海市民政局 工作动态 市民政局、市红十字会、市慈善总会发布关于防控新型冠状病毒感染的肺炎疫情接受社会捐赠的公告,1,1,,1,1,1,,1,,,1,,,http://mzj.weihai.gov.cn/art/2020/1/28/art_19398_2262027.html
2020-01-27,抚州市慈善总会,,抚州市人民政府 工作动态 “慈心善行•抗击疫情”抚州市慈善总会疫情防控慈善募捐倡议书,1,,,1,,1,,1,,,,,黄云:13870439036  刘志勇:13970427137,http://www.jxfz.gov.cn/art/2020/1/28/art_3826_3311694.html
2020-01-28,铜陵市郊区新型冠状病毒感染的肺炎疫情防控应急指挥部,”，发送到850800804@qq.com，我们将有工作人员与你对接。联系电话：0562-2896882，18756257719,铜陵市郊区关于召集新型冠状病毒感染肺炎疫情防控志愿者的公告-公示公告-铜陵市人民政府,,,,1,,1,,,,,,,,http://tljq.gov.cn/jqzx/gsgg/202001/t20200128_933430.html
2020-01-27,福建省卫生健康委员会,为“福州市湖东路188号外经贸广场3层福建省红十字会”，邮编：350003,福建省卫生健康委员会关于接收防控新型冠状病毒感染的肺炎疫情捐赠款物的公告_本市动态_信用福州,1,1,,1,1,1,,1,,,1,,,http://credit.fuzhou.gov.cn/xydt/bsdt/202001/t20200127_3190357.htm
2020-01-26,随县中医医院,,湖北省随州市随县中医医院接受爱心捐赠公告-随县人民政府门户网站,1,1,,1,,1,1,1,,,,,光平联系:15308668456,http://www.zgsuixian.gov.cn/a/zhengfuwenjian/2020/0126/43617.html
,户名：枝江市财政局往来资金财政专户,枝江市马家店街道团结路20号,枝江各界踊跃捐赠抗疫情！ - 今日枝江 - 枝江市人民政府,,,,,,,,,,,,,吕龙:13886658934,http://www.zgzhijiang.gov.cn/content-93-569177-1.html
2020-01-27,梅州五华县慈善会发布接受爱心捐赠公告,,关注新型冠状病毒疫情,,,,,,,,,,,,,,http://credit.meizhou.gov.cn/gzxxgzbdyq/6348.jhtml
2020-01-27,深圳市民政局,深圳市罗湖区人民北路2210号,深圳民政在线,1,1,,1,1,,,1,,,,,联系谢宏:13430588320  林子文:15814069071,http://mzj.sz.gov.cn/cn/xxgk_mz/zwywen/202001/t20200128_18992790.htm
2020-01-28,滁州市民政局,,通知公告—滁州市人民政府,1,,,1,,1,,1,,,,,,http://www.chuzhou.gov.cn/170651370/171233083.html
2020-01-28,乌海市新型冠状病毒感染肺炎防控工作指挥部,,乌海市新型冠状病毒感染肺炎 防控工作指挥部公告第4号 -  政府公告 - 政府信息公开 - 政务,1,1,,1,1,1,,1,1,,,,王丽:18004737558  请致电:13904736151  冰玉）/:18004737558,http://www.haibowan.gov.cn/information/hbwq46/msg22464233231.html
2020-01-25,十堰市新型冠状病毒感染的肺炎疫情防控指挥部,,十堰市公布接受捐赠主体及急需疫情防控物资 - 新冠肺炎  - 十堰市委市政府门户网站,,,,,,,,,,,,,王紫焱:13636239923  冯筱莹:19986480718  魏源源:18942182731  吴远海:15871126868  局陈洪举:18986908399,http://www.shiyan.gov.cn/2020ztzl/xxfy/202001/t20200126_2004383.shtml
2020-01-27,黄冈市黄州区新型冠状病毒感染的肺炎防控指挥部,,黄州区新型冠状病毒感染的肺炎防控指挥部公告（第一号）-公告公示-黄州区人民政府门户网站,,,,,,,,,,,,,柳爱莲:13971705152  熊思琪:15571389062  吴新华:13871991961  彭俊洁:15997399221,http://lk.huangzhou.gov.cn/doc/2020/01/27/82707.shtml
,联系地址：四川省眉山市青神县青城镇文林街28号青神医院集团,四川省眉山市青神县青城镇文林街,关于眉山市医疗机构接收社会捐赠的公告-眉山市卫生健康委员会,1,1,,1,,,1,1,,,,,何老师:18990302166  王老师:18990305566  左老师:18227755763  马老师:13309038948  庞老师:13890310201  张老师:18228193626  李老师:18090067185  刘老师:15884304290  张燕:15328769279,http://swjw.ms.gov.cn/info/1002/10057.htm
2020-01-26,四川大学华西广安医院,,四川大学华西广安医院（广安市人民医院）接受社会捐赠公告-广安市人民政府网,1,1,1,1,,,1,1,1,,,,蒋老师:13980326983,http://www.scls.gov.cn/gasrmzfw/tzgg/2020-01/27/content_f9f3217427b5449896b70c9db46ea544.shtml
2020-01-28,孝感市红十字会,,孝感市红十字会关于接受捐赠的公告 - 孝感市卫生健康委员会,1,,,1,,1,,1,,,,,杨敏:13707295500  宋欢:15927122586,http://wjw.xiaogan.gov.cn/xgshszh/742797.jhtml
,,,麻城市人民政府 乡镇快讯 【抗击疫情】木子店镇疫情防控工作抓紧抓实抓到位,,1,,,,,,,,,,,,http://www.macheng.gov.cn/art/2020/1/28/art_15804_893363.html
2020-01-28,武汉市红十字会接受医用耗材、防护用品等专项物资；,,"福建省民政厅关于动员社会组织依法有序参与新型冠状病毒感染肺炎疫情防控工作的倡议书_
        通知公告_
        福建省民政厅",1,,,1,,1,,1,,,,,"；
联系:13338253561  林女士:13459108743  汪亮:13627104336  骆钢强:13297963117",http://mzt.fujian.gov.cn/xxgk/tzgg/202001/t20200128_5186730.htm
2020-01-27,三明市卫生健康委员会,,"三明市卫生健康委员会关于接收防控新型冠状病毒感染的肺炎疫情捐赠款物的公告_市级动态
_三明市卫生健康委员会",1,1,,1,1,1,,1,,,1,,,http://wjw.sm.gov.cn/xxgk/wjyw/sjdt/202001/t20200127_1470142.htm
,铜陵市红十字会捐赠接收专线电话：,,铜陵市红十字会接收社会捐赠公告-公示公告-铜陵市铜官区政府,1,1,,1,1,1,,1,,,1,,,http://www.tltg.gov.cn/zxzx/gsgg/202001/t20200126_932187.html
2020-01-26,湖北省新型冠状病毒感染的肺炎防控指挥部,hbydf027,湖北省新型冠状病毒感染的肺炎防控指挥部通告,1,,,1,,1,,1,,,,,,http://www.ezhou.gov.cn/gk/gsgg_1/202001/t20200126_322719.html
2020-01-28,平凉市红十字会,,平凉疫情防控接收社会爱心捐... - 通知公告 - 平凉市卫生和计划生育委员会,1,1,,1,,1,,,,,,,捐款）:18793341615,http://wjw.pingliang.gov.cn/tzgg/202001/t20200128_738753.html
2020-01-25,十堰市新型冠状病毒感染的肺炎疫情防控指挥部,,十堰公布接受社会爱心捐赠账户和捐赠物资信息 - 十堰动态  - 十堰市委市政府门户网站,,,,,,,,,,,,,魏源源:18942182731  吴远海:15871126868,http://www.shiyan.gov.cn/2020ztzl/zzcc/sybs/202001/t20200126_2004371.shtml
,乌鲁木齐市延安路773号（新疆维吾尔自治区红十字会）；,,自治区财政厅、卫健委、红十字会 发布接收社会捐赠公告-白碱滩区综合信息网,1,1,,1,1,1,,1,1,,,,,http://www.bjtq.gov.cn/info/1089/63655.htm
,控指挥部统一调配使用。,,成都市成华区红十字会,1,1,1,1,,1,1,1,,,1,,郑军:13541294040  ；邓莎:15881029574,http://hsz.chenghua.gov.cn/index.php?cid=16&tid=1604
2020-01-25,部分防护物资（耗材）需符合或高于下列国家标准：,市、县（市区）疾控中心,绵阳市新型冠状病毒感染的肺炎疫情防控工作领导小组办公室公开接受社会捐赠的公告_绵阳市卫生健康委员会,1,1,1,1,,,,1,,,,,"生
联系:13990152116",http://wjw.my.gov.cn/ggl/24033661.html
2020-01-25,十堰市新型冠状病毒感染的肺炎疫情防控指挥部,,十堰市新型冠状病毒感染的肺炎疫情防控指挥部补充通告 - 通报通告  - 十堰市委市政府门户网站,,,,,,,,,,,,,王紫焱:13636239923  冯筱莹:19986480718  魏源源:18942182731  吴远海:15871126868  局陈洪举:18986908399,http://www.shiyan.gov.cn/2020ztzl/zzcc/tbtg/202001/t20200126_2004404.shtml
2020-01-29,三亚市新型冠状病毒感染的肺炎疫情防控指挥部,中国海南省三亚市凤凰路155号三亚湾红树林酒店会展中心1M楼防疫指挥中心物资保障组,三亚官方捐赠通道开通！急需物资清单如下_通知公告_三亚市交通运输局,1,1,,1,,1,,1,1,1,,,"聪
联系:13876202226",http://jt.sanya.gov.cn/jtjsite/tzgg/202001/51de997caa274d91bfcdffd28c8bd362.shtml
2020-01-26,湖北省新型冠状病毒感染的肺炎防控指挥部,hbydf027,湖北省新型冠状病毒感染的肺炎防控指挥部通告 - 公示公告 - 宜昌市人民政府,1,,,1,,1,,1,,,,,,http://www.yichang.gov.cn/html/zhengwuyizhantong/zhengwuzixun/gongshigonggao/2020/0126/1017230.html
,乌鲁木齐市延安路773号（新疆维吾尔自治区红十字会）；,,自治区财政厅、卫健委、红十字会发布接收社会捐赠公告-新源县人民政府网,1,1,,1,1,1,,1,1,,,,,http://www.xinyuan.gov.cn/info/1181/34927.htm
2020-01-24,甘州区慈善协会,张掖市甘州滨河新区民政局,中国·甘州-甘州区民政局甘州区慈善协会关于接受社会捐赠的公告,,,,,,,,,,,,,,http://www.gsgz.gov.cn/jjgz/bmdt/202001/t20200124_375969_wap.html
2020-01-25,十堰市新型冠状病毒感染的肺炎疫情防控指挥部,,十堰市新型冠状病毒感染的肺炎防控指挥部通告（第8号） - 通报通告  - 十堰市委市政府门户网站,,,,,,,,,,,,,魏源源:18942182731  吴远海:15871126868,http://www.shiyan.gov.cn/2020ztzl/zzcc/tbtg/202001/t20200126_2004389.shtml
2020-01-27,（二）甘肃省红十字会,记录，请爱心人士划帐捐款后务必复印汇款回执，并在复印件上附写捐款人姓名、地址、邮编、联系人及电话后，传真到甘肃省慈善总会、甘肃省红十字会以便邮寄捐赠发票,甘肃省民政厅关于动员慈善力量依法有序参与新型冠状病毒感染的肺炎疫情防控工作的公告,1,1,,1,1,,,1,,,,,）张潇月:13919918811,http://mzt.gansu.gov.cn/station/gssmzt/tzgg/8afe80e66e48cb8f016fe6bf26a00256/info_content.html
,,为宜昌市夷陵区双虹路5号，邮政编码443100,大爱无疆 众志成城！爱心人士踊跃捐款捐物 - 夷陵动态 - 宜昌市夷陵区人民政府,,,,,,,,,,,,,联系电话:13507208696,http://www.10.gov.cn/content-635-528122-1.html
,,,武汉红十字会在接受捐赠时要收手续费?谣言!_江苏检察网,,,,,,,,,,,,,,http://jsjc.gov.cn/yaowen/202001/t20200128_966704.shtml
,,乌鲁木齐市延安路773号（新疆维吾尔自治区红十字会）；联系人：曼苏尔·纳曼；联系电话：0991-256611218099488589,自治区财政厅、自治区卫健委、自治区红十字会联合发布接收社会捐赠的公告-新疆维吾尔自治区卫生健康委员会,1,1,,1,1,1,,1,1,,,,,http://xjhfpc.gov.cn/info/1495/17466.htm
2020-01-26,谷城县慈善会,湖北省襄阳市谷城县城关镇筑阳路11号,谷城社会各界向县慈善会捐款186万余元 - 谷城政府网,1,1,1,1,,1,1,1,,,,,周艳丽:13871673933,http://www.hbgucheng.gov.cn/xwzx/bmdt/202001/t20200127_2018463.shtml
2020-01-29,致电黄山市红十字会（,,黄山市红十字会,,,1,,,,,,,,,,,http://hszh.huangshan.gov.cn/BranchOpennessContent/show/1612294.html
2020-01-27,慈善会,,袁州区人民政府_乡镇部门动态,1,,,1,,1,,1,,,,,龙金兰:13979529051,http://www.yzq.gov.cn/news-show-13008.html
2020-01-28,开户名称：河北慈善联合基金会；,,人民网：河北省民政厅：全社会慈善力量行动起来 参与疫情防控工作,,,,,,,,,,,,,"；
联系:15373036804  捐款）:18633822379",http://minzheng.hebei.gov.cn/mzzx/mtgz/202001/t20200129_59671.html
2020-01-28,嘉祥县慈善总会,捐款,嘉祥县人民政府 通知公告 嘉祥县慈善总会“抗击新型冠状病毒感染肺炎疫情”慈善募捐活动公告,1,1,1,1,,1,,1,,,,,,http://www.jiaxiang.gov.cn/art/2020/1/28/art_25965_2442035.html
,面对疫情，连日来各部门迅速协调联动，投入防疫救治。,,各地各部门协调联动全力投入防疫救治-国内时政-民主法制网,1,,,1,,1,,,,,1,,,http://t.mzfz.gov.cn/list/shizhengview?_id=5e2d4ea1fa454c5d8c927128
2020-01-23,武汉市新冠肺炎防控指挥部,,武汉市新冠肺炎防控指挥部通告（第4号）  - 湖北省人民政府门户网站,,,,,,,,,,,,,汪亮:13627104336  骆钢强:13297963117  ;章警官:18302795638  ;朱警官:18302795633,http://www.hubei.gov.cn/zhuanti/2020/gzxxgzbd/zxtb/202001/t20200123_2014589.shtml
2020-01-27,商丘市红十字会,商丘市长江东路378号（市残联院内）,“抗击新型冠状病毒感染的肺炎疫情”募捐倡议书-商丘市政府网,1,1,,1,,1,,1,,,1,,许建勇:18537073039  季宏昌:13703706541,http://www.shangqiu.gov.cn/Item/58714.aspx
,《慈善捐赠物资免征进口税收暂行办法》.docx,,荆门市人民政府 高度重视 关于用于新型冠状病毒肺炎疫情防控和治疗的进口捐赠物资办理通关手续的公告,,,,,,,,,,,,,联系徐菁:13886026767  联系王玲:13995597170,http://www.jingmen.gov.cn/art/2020/1/25/art_9454_643759.html
2020-01-25,黄州区新型冠状病毒感染的肺炎防控指挥部,,黄州区新型冠状病毒感染的肺炎防控指挥部公告-今日黄州-黄州区人民政府门户网站,,,,,,,,,,,,,张志华:13397256938,http://ww.huangzhou.gov.cn/doc/2020/01/25/82547.shtml
2020-01-28,曲阜市慈善总会,捐款,孔子故里·中国曲阜网 业务动态 曲阜市慈善总会“抗击新型冠状病毒感染肺炎疫情”慈善募捐活动公告,1,1,1,1,,1,,1,,,,,,http://www.qufu.gov.cn/art/2020/1/28/art_18213_2441912.html
,部分防护物资（耗材）需符合或高于下列国家标准：,榆林市榆阳区保宁路太和巷,榆林市红十字会社会募捐公告-通知公告,1,1,,1,,,,,,1,,,联系:15229922666、18992225070,http://wjw.yl.gov.cn/index.php?m=Article&a=show&id=18103
2020-01-27,慈善会,,袁州区人民政府_社会救助,1,,,1,,1,,1,,,,,龙金兰:13979529051,http://www.yzq.gov.cn/news-show-13007.html
2020-01-26,临沂市红十字会,及联系方式：临沂市北城新区上海路府佑大厦B座10楼临沂市红十字会0539-8726173、8129682,为疫情捐赠款物 临沂市红十字会为您搭建爱心通道_沂蒙情怀_沂蒙精神网,1,1,1,1,,1,1,1,,,1,,,http://www.lyxcw.gov.cn/ymqh/202001/t20200128_614170.html
2020-01-23,武汉市新冠肺炎防控指挥部,,武汉市新冠肺炎防控指挥部通告（第4号） - 通知公告 - 东西湖区人民政府,,,,,,,,,,,,,汪亮:13627104336  骆钢强:13297963117  ；章警官:18302795638  ；朱警官:18302795633,http://mobile.dongxihu.gov.cn/detail-124301.html
2020-01-27,广安市前锋区人民医院,广安市前锋区永前大道中段317号(前锋区人民医院)总务科,前锋区人民政府,1,1,,1,,1,,1,,,,,杨老师:13568387799,http://www.qf.gov.cn/qfqrmzf/c100381/2020-01/28/content_26100a7729284a65affa011dbb0c1cf3.shtml
,,,肇庆市人民政府-广州海关关于用于新型冠状病毒感染的肺炎疫情防控和治疗的免税进口捐赠物资办理通关手续的公告,,,,,,,,,,,,,,http://www.zhaoqing.gov.cn/xwzx/tzgg/content/post_1965878.html
2020-01-24,黄冈市新型冠状病毒感染的肺炎防控指挥部,,黄冈市卫生健康委员会 通知公告 黄冈市新型冠状病毒感染的肺炎防控指挥部通告（第3号）,,,,,,,,,,,,,系邹德元:15671726769  ；邓婕:18162872013  郭荣琳:13872022748  田丽:13636095699  安局柳敏:18986555105,http://wjw.hg.gov.cn/art/2020/1/24/art_4668_892466.html
2020-01-27,商丘市红十字会,商丘市长江东路378号（市残联院内）,“抗击新型冠状病毒感染的肺炎疫情”募捐倡议书-商丘市政府网,1,1,,1,,1,,1,,,1,,许建勇:18537073039  季宏昌:13703706541,http://shangqiu.gov.cn/Item/58714.aspx
2020-01-28,晋中市民政局,晋中市榆次区新华街199号建议用1920*1080分辨率浏览,关于动员慈善力量依法有序参与新型冠状病毒感染的肺炎疫情防控工作的公告_通知公告_新闻中心_晋中市政府门户网站,,,,,,,,,,,,,,http://www.sxjz.gov.cn/xwzx/tzgg/content_315200
,户名：枝江市财政局往来资金财政专户,枝江市马家店街道团结路20号,枝江各界踊跃捐赠抗疫情！ - 三峡枝江网,,,,,,,,,,,,,吕龙:13886658934,http://www.zhijiang.gov.cn/content/show?catid=148007&newsid=490186
,,,c位之外，众人拾柴_国内热点_海南政法网,,,,,,,,,,,,,,http://www.hnzhengfa.gov.cn/guoneiredian/show-5351.html
,开户名：黄山市徽州区红十字会机关,徽州区环城北路23号,徽州区红十字会接收社会捐赠公告,1,1,,1,1,1,,1,,,1,,,http://www.ahhz.gov.cn/News/show/3971776.html
2020-01-24,黄冈市新型冠状病毒感染的肺炎防控指挥部,,【头条】黄冈市新冠肺炎防控指挥部通告（第3号） - 湖北省黄冈市龙感湖管理区公众信息网,,,,,,,,,,,,,系邹德元:15671726769  ；邓婕:18162872013  郭荣琳:13872022748  田丽:13636095699  安局柳敏:18986555105,http://www.longganhu.gov.cn/zt/qzlx/2020-01-24/13732.html
2020-01-26,宜春市慈善总会,,宜春民政局,1,,,1,,1,,1,,,,,胡玲:13507956650,http://mz.yichun.gov.cn/news-show-541467.html
2020-01-26,民政部,hbydf027；,"民政部关于动员慈善力量依法有序参与新型冠状病毒感染的肺炎疫情防控工作的公告_
            新闻动态_
            福建省民政厅",1,,,1,,1,,1,,,,,汪亮:13627104336  骆钢强:13297963117,http://mzt.fujian.gov.cn/xxgk/jggk/cszz/mgj/gzdt/202001/t20200128_5186725.htm
2020-01-27,休宁县红十字会,,休宁县红十字会接收社会捐赠公告-休宁县人民政府,1,1,,1,1,1,,1,,,1,,尹勇:18955910693,http://www.xiuning.gov.cn/News/show/8078640.html
2020-01-28,江西省新型冠状病毒感染的肺炎疫情防控应急指挥部,,江西省乐平市门户网站 通知公告 江西省新型冠状病毒感染的肺炎疫情防控应急指挥部 公 告,1,1,,1,1,1,,1,,,1,,机号码:13970896018  女士）:13755607793,http://www.lepingshi.gov.cn/art/2020/1/28/art_1604_64275.html
,医院总值班 15135412800　　18803548326,山西省晋中市汇通南路689号,防护物资“告急” ，晋中市第一人民医院急需社会爱心捐赠！_本市时政_新闻中心_晋中市政府门户网站,1,1,1,1,,1,1,1,,,,,院总值班:15135412800  设备科:13834829249,http://www.sxjz.gov.cn/xwzx/bssz/content_314954
2020-01-25,襄阳市红十字会,,襄阳市红十字会接受爱心捐赠的公告,1,1,,1,1,1,,1,,,1,,宋越:13697200868,http://xy.xiangyang.gov.cn/zxzx/jrgz/202001/t20200128_2018552.shtml
2020-01-27,枣阳市红十字会,,枣阳市红十字会接受爱心捐赠的公告_中共湖北省枣阳市廉政网|枣阳纪委|枣阳市监察委员会,1,1,,1,1,1,,1,,,1,,毛东林:13871755216,http://www.zylz.gov.cn/a/zhongdianguanzhu/2020/0128/9667.html
,,,把有限的资源用在刀刃上 广安市下发《关于做好新型冠状病毒感染的肺炎疫情防控物资保障的紧急通知》-广安市人民政府网,1,,,1,,,,,,,,,,http://www.scls.gov.cn/gasrmzfw/gayw/2020-01/28/content_e864e64617a54d2a86053d893f84dc41.shtml
2020-01-26,民政部,,"民政部关于动员慈善力量依法有序参与新型冠状病毒感染的肺炎疫情防控工作的公告（民政部公告第476号） - 广西社会组织网
                - shzz.mzt.gxzf.gov.cn/info/58664",1,,,1,,1,,1,,,,,汪亮:13627104336  骆钢强:13297963117,http://www.gxnpo.gov.cn/info/58664
2020-01-27,来安县红十字会,来安县高新技术创业服务中心12楼,来安县红十字会接受社会爱心捐赠公告_来安县人民政府,1,1,,1,1,1,,1,,,1,,崔建:15155003654,http://www.laian.gov.cn/DocHtml/1/20/01/00155383.html
,开户名：黄山市徽州区红十字会机关,徽州区环城北路23号,徽州区红十字会接收社会捐赠公告,1,1,,1,1,1,,1,,,1,,,http://www.huizhouqu.gov.cn/News/show/3971776.html
2020-01-27,新洲区新冠肺炎防控指挥部,新洲区卫生健康局（新洲区衡州大道34号）,新洲区政府门户网站,1,1,,1,1,1,,1,,,1,,朱军丽:18971386128  陶文:13907150137,http://www.whxinzhou.gov.cn/whxz/view-e250e99b215f478a8f23a88266104190-014f09d600584989b787f891b4ccfeca.html
2020-01-24,黄冈市新型冠状病毒感染的肺炎防控指挥部,,麻城市人民政府 麻城要闻 黄冈市新冠肺炎防控指挥部通告（第3号）,,,,,,,,,,,,,系邹德元:15671726769  ；邓婕:18162872013  郭荣琳:13872022748  田丽:13636095699  安局柳敏:18986555105,http://www.macheng.gov.cn/art/2020/1/24/art_15578_892467.html
2020-01-27,崇仁县红十字会,崇仁县卫生健康委员会办公大楼2楼（崇仁县红十字会）,崇仁县人民政府 通知公告 崇仁县红十字会接受社会捐赠的公告,1,1,,1,1,1,,1,,,1,,请联系:13879422407  方先生）:13979444106,http://www.jxcr.gov.cn/art/2020/1/28/art_8703_3311720.html
2020-01-24,黄冈市新型冠状病毒感染的肺炎防控指挥部,,平安黄冈网 公示公告 黄冈市新型冠状病毒感染的肺炎防控指挥部通 告（第3号）,,,,,,,,,,,,,系邹德元:15671726769  ；邓婕:18162872013  郭荣琳:13872022748  田丽:13636095699  安局柳敏:18986555105,http://gaj.hg.gov.cn/art/2020/1/27/art_15242_893144.html
2020-01-26,民政部,hbydf027；,民政部关于动员慈善力量依法有序参与新型冠状病毒感染的肺炎疫情防控工作的公告-太原市民政局网站,1,,,1,,1,,1,,,,,汪亮:13627104336  骆钢强:13297963117,http://mzj.taiyuan.gov.cn/doc/2020/01/28/954221.shtml
2020-01-28,江西省新型冠状病毒感染的肺炎疫情防控应急指挥部,,江西省卫生健康委员会-江西省新型冠状病毒感染的肺炎疫情防控应急指挥部,1,1,,1,1,1,,1,,,1,,机号码:18070121240、13970896018  女士）:13755607793,http://www.jxwst.gov.cn/doc/2020/01/28/137760.shtml
,,,江西省人民政府 江西要闻 即日起接受社会各界捐助,1,1,,1,1,1,,1,,,1,,机号码:13970896018  女士）:13755607793,http://m.jiangxi.gov.cn/art/2020/1/29/art_393_1494070.html
,,,江西省人民政府 江西要闻 即日起接受社会各界捐助,1,1,,1,1,1,,1,,,1,,机号码:13970896018  女士）:13755607793,http://jx.gov.cn/art/2020/1/29/art_393_1494070.html
,,,进贤县红十字会公告 - 进贤县人民政府,1,1,,1,1,1,,1,,,1,,,http://www.jinxian.gov.cn/gsgg/52717.jhtml
2020-01-26,江西省抚州市红十字会,,抚州市红十字会 通知公告 江西省抚州市红十字会公告,1,1,,1,1,1,,1,,,1,,,http://redcross.jxfz.gov.cn/art/2020/1/28/art_6323_3311742.html
2020-01-27,凤阳县红十字会,凤阳县卫健委二楼（宜文路）,凤阳县人民政府,1,1,,1,1,1,,1,,,1,,,http://fengyang.gov.cn/content/detail/5e2eb57a45d8d41c07b34d52.html
,捐赠款物原则上由省新型冠状肺炎防控指挥部统一调配使用。,为“福州市湖东路199号外经贸广场3层，福建省红十字会（收），邮编：350003”,龙岩市卫生健康委员会 - 省红十字会开通多条渠道接收社会捐赠,1,1,,1,1,1,,1,,,1,,,http://wjw.longyan.gov.cn/zwgk/gzdt/202001/t20200128_1640098.htm
2020-01-27,武汉市红十字会接受医用耗材、防护用品等专项物资；,hbcf027-87433333；,江苏民政网 通知公告 江苏省民政厅关于动员社会组织、慈善力量依法有序参与新型冠状病毒感染的肺炎疫情防控工作的公告,1,,,1,,1,,1,,,,,汪亮:13627104336  骆钢强:13297963117,http://mzt.jiangsu.gov.cn/art/2020/1/27/art_55002_8956661.html
